date,index_value,num_markets,total_volume,alpha
2022-11-18 08:00:24,0.0,1,6552460.323992,0.5
2022-11-19 08:00:23,0.5,1,6552460.323992,0.5
2022-11-20 08:00:10,0.5,1,6552460.323992,0.5
2022-11-22 08:00:23,0.4131390622295664,1,6552460.323992,0.5
2022-11-23 08:00:23,0.4126890622295664,1,6552460.323992,0.5
2022-11-27 08:00:29,0.44877244961534635,1,6552460.323992,0.5
2022-11-28 08:00:17,0.4482848296153464,1,6552460.323992,0.5
2022-11-29 08:00:41,0.512736738076405,1,6552460.323992,0.5
2022-11-30 08:00:45,0.5119638770444049,1,6552460.323992,0.5
2022-12-01 08:00:19,0.49031771314145295,1,6552460.323992,0.5
2022-12-02 08:00:41,0.4970825410425884,1,6552460.323992,0.5
2022-12-03 08:00:48,0.4897378471261751,1,6552460.323992,0.5
2022-12-05 08:00:50,0.4965374669882272,1,6552460.323992,0.5
2022-12-06 08:00:02,0.5165894311715425,1,6552460.323992,0.5
2022-12-07 08:00:03,0.515749786177655,1,6552460.323992,0.5
2022-12-08 08:00:44,0.5003401956357186,1,6552460.323992,0.5
2022-12-09 08:00:05,0.4961850072133343,1,6552460.323992,0.5
2022-12-10 08:00:52,0.5142463849660692,2,6558771.243992,0.5
2022-12-11 08:00:42,0.5134118770278564,2,6558771.243992,0.5
2022-12-12 08:00:05,0.5179622899590197,2,6558771.243992,0.5
2022-12-13 08:00:48,0.4898153324147246,7,6728650.365344,0.5
2022-12-14 08:00:18,0.500985640466187,2,6558771.243992,0.5
2022-12-15 08:00:42,0.49948518578375806,2,6554439.019992,0.5
2022-12-16 08:00:07,0.23548634763624507,12,13402490.398732001,0.5
2022-12-17 08:00:08,0.5034776026878338,13,13404309.480996,0.5
2022-12-18 08:00:20,0.49981796954078445,13,13404309.480996,0.5
2022-12-19 08:00:41,0.4954898316963237,13,13404309.480996,0.5
2022-12-20 08:00:42,0.49261927292240687,13,13404309.480996,0.5
2022-12-21 08:00:45,0.4954163520749104,13,13404309.480996,0.5
2022-12-22 08:00:02,0.4928138429423577,17,13405868.704885,0.5
2022-12-23 08:00:42,0.4888609177769297,16,13400808.619129,0.5
2022-12-24 08:00:04,0.4858666024460757,16,13400808.619129,0.5
2022-12-25 08:00:15,0.4840439350071664,16,13400808.619129,0.5
2022-12-26 08:00:25,0.48232939332944635,16,13400808.619129,0.5
2022-12-27 08:00:38,0.4867288383835912,16,13400808.619129,0.5
2022-12-28 08:00:43,0.48323537651400456,16,13400808.619129,0.5
2022-12-29 08:00:19,0.47930839476132164,16,13400808.619129,0.5
2022-12-30 08:00:47,0.4778322971271605,16,13400808.619129,0.5
2022-12-31 08:00:40,0.47615931885656915,15,13400660.589129,0.5
2023-01-01 08:00:08,0.4769126843191196,15,13400660.589129,0.5
2023-01-02 08:00:22,0.473107359375613,16,13400916.486493,0.5
2023-01-03 08:00:42,0.48426912835168295,15,13038811.310071,0.5
2023-01-04 08:00:30,0.482094908844231,15,13076459.229872,0.5
2023-01-05 08:00:10,0.48385374285184973,15,13076459.229872,0.5
2023-01-06 08:00:50,0.48306106148800904,15,13076459.229872,0.5
2023-01-07 08:00:16,0.4828642670018676,17,13079362.381568,0.5
2023-01-08 08:00:04,0.4812077989082434,14,12991320.348354,0.5
2023-01-09 08:00:10,0.47806060688134583,14,12991320.348354,0.5
2023-01-10 08:00:25,0.4153292360617729,29,15008683.739524,0.5
2023-01-11 08:00:44,0.47671666870533014,29,15008683.739524,0.5
2023-01-12 08:00:34,0.4710985326697023,29,15008683.739524,0.5
2023-01-13 08:00:19,0.4813421433276946,25,15007124.515635,0.5
2023-01-14 08:00:24,0.48948762061921564,28,15124104.201653,0.5
2023-01-15 08:00:41,0.4924930220912148,28,15124104.201653,0.5
2023-01-16 08:00:43,0.49368871729724534,28,15124104.201653,0.5
2023-01-17 08:00:43,0.4905280144212278,28,15124104.201653,0.5
2023-01-18 08:00:15,0.48622853091026186,28,15124104.201653,0.5
2023-01-19 08:00:05,0.4901585148952214,28,15124104.201653,0.5
2023-01-20 08:00:37,0.47621092417533,28,15124104.201653,0.5
2023-01-21 08:00:08,0.47100281574373204,28,15124104.201653,0.5
2023-01-22 08:00:54,0.4719183650778035,28,15124104.201653,0.5
2023-01-24 08:00:12,0.4506522247773767,29,15892451.457673,0.5
2023-01-25 08:00:14,0.4487739020175512,30,16230705.736794,0.5
2023-01-26 08:00:54,0.4543686595452827,30,16230705.736794,0.5
2023-01-27 08:00:34,0.45309663363831676,33,16269814.443045,0.5
2023-01-28 08:00:35,0.4532632016096683,33,16269814.443045,0.5
2023-01-29 08:00:40,0.4530673882551225,38,16294665.335169,0.5
2023-01-30 08:00:39,0.457934512508091,26,9425892.801187,0.5
2023-01-31 08:00:18,0.41807780820134355,43,17606610.090846,0.5
2023-02-01 08:00:10,0.42695566770106214,46,17631327.040741,0.5
2023-02-02 08:00:46,0.4260772684947731,44,17547696.374682,0.5
2023-02-03 08:00:56,0.41393675172735644,47,18001441.735625,0.5
2023-02-04 08:00:47,0.4169474055844521,48,18030667.617263,0.5
2023-02-05 08:00:32,0.41595767439029363,47,18001441.735625,0.5
2023-02-07 08:00:52,0.4143165132899466,47,18001441.735625,0.5
2023-02-09 08:00:09,0.4094160972214273,49,18041609.20369,0.5
2023-02-12 08:00:46,0.411746311183225,50,18043334.928016,0.5
2023-02-13 08:00:17,0.41101256953896065,50,18043334.928016,0.5
2023-02-14 08:00:04,0.4079440641323408,54,18147766.11696,0.5
2023-02-15 08:00:17,0.40866496722181445,55,18152320.446039,0.5
2023-02-16 08:00:30,0.4072416860042889,52,18152871.897771,0.5
2023-02-17 08:00:47,0.40449726990964696,56,18198478.740323,0.5
2023-02-18 08:00:06,0.4059558971471895,55,18198460.640463,0.5
2023-02-19 08:00:52,0.40418961606648235,55,18261551.088833,0.5
2023-02-21 08:00:06,0.40352729985811286,54,18261472.788368,0.5
2023-02-22 08:00:19,0.40298129386799,99,19394782.483335,0.5
2023-02-23 08:00:35,0.41154579507109545,101,19400523.564607,0.5
2023-02-24 08:00:26,0.4068280912978873,102,19615396.296269,0.5
2023-02-25 08:00:05,0.31926952281064036,105,25129497.741411,0.5
2023-02-26 08:00:29,0.44108939609206455,105,25129497.741411,0.5
2023-02-27 08:00:26,0.45468625485586756,105,25129497.741411,0.5
2023-02-28 08:00:03,0.41417410661510684,105,25129497.741411,0.5
2023-03-01 08:00:18,0.41316672329192866,105,25129497.741411,0.5
2023-03-02 08:00:26,0.3971353895843625,105,25129497.741411,0.5
2023-03-03 08:00:31,0.4005570239942335,106,25200394.417406,0.5
2023-03-04 08:00:15,0.42311733471284896,107,25272141.976707,0.5
2023-03-05 08:00:51,0.4146417437551228,107,25272141.976707,0.5
2023-03-06 08:00:14,0.4227942508224763,107,25272141.976707,0.5
2023-03-07 08:00:05,0.4305362027487301,108,25301456.638527002,0.5
2023-03-08 08:00:50,0.4256273461086779,108,25301456.638527002,0.5
2023-03-09 08:00:32,0.41779848462502867,109,25381660.846361,0.5
2023-03-10 08:00:35,0.4221675344140354,110,25401506.129153002,0.5
2023-03-11 08:00:54,0.4184846996168423,115,25464076.124111,0.5
2023-03-12 08:00:54,0.397514813335617,118,25536608.382386,0.5
2023-03-14 08:00:49,0.40972069651921705,126,26778976.40074,0.5
2023-03-15 08:00:25,0.413689398583699,126,26778976.40074,0.5
2023-03-16 08:00:06,0.4139429818650999,127,26873308.430098,0.5
2023-03-17 08:00:03,0.33001535489111056,127,26873308.430098,0.5
2023-03-18 08:00:45,0.33033142623818756,132,27263148.755895,0.5
2023-03-19 08:00:22,0.3273302095306384,132,27263148.755895,0.5
2023-03-20 08:00:30,0.32269454426870614,132,27263148.755895,0.5
2023-03-21 08:00:35,0.3097640743831936,136,27352209.11636,0.5
2023-03-23 08:00:39,0.3184970167017905,142,27646062.993019,0.5
2023-03-24 08:00:48,0.4152013758716312,143,27655047.334456,0.5
2023-03-25 08:00:22,0.4121080395296719,143,27655047.334456,0.5
2023-03-26 08:00:06,0.41142041539488416,143,27655047.334456,0.5
2023-03-27 08:00:45,0.41189297960692317,143,27655047.334456,0.5
2023-03-28 08:00:19,0.4045707437774581,145,27680734.004039,0.5
2023-03-29 08:00:49,0.3962393724744081,147,27723267.900841,0.5
2023-03-30 08:00:16,0.3979493541800945,147,27723267.900841,0.5
2023-03-31 08:00:17,0.398301027609177,149,27836767.345459,0.5
2023-04-01 08:00:48,0.40290768614513706,149,27836767.345459,0.5
2023-04-02 08:00:52,0.3977839929340343,149,27836767.345459,0.5
2023-04-03 08:00:00,0.3907609791538655,149,27836767.345459,0.5
2023-04-04 08:00:35,0.40951611818692457,154,27957610.313331,0.5
2023-04-05 08:00:24,0.4087377664898085,155,27958586.307111,0.5
2023-04-08 08:00:08,0.40815899963835983,156,27960424.15481,0.5
2023-04-09 08:00:48,0.408328257447928,156,27960424.15481,0.5
2023-04-10 08:00:31,0.4068596647269693,156,27960424.15481,0.5
2023-04-11 08:00:29,0.40033060236151763,161,28191315.586666,0.5
2023-04-12 08:00:03,0.4018235656954333,162,28191342.866666,0.5
2023-04-13 08:00:22,0.40182877232277775,168,28197903.061879,0.5
2023-04-14 08:00:30,0.40366482654469116,168,28197903.061879,0.5
2023-04-15 08:00:26,0.4036585232049261,169,28197903.061879,0.5
2023-04-16 08:00:45,0.4049178272249293,169,28197903.061879,0.5
2023-04-17 08:00:23,0.408801522287467,169,28197903.061879,0.5
2023-04-18 08:00:27,0.40227384401939736,170,28254252.919222,0.5
2023-04-19 08:00:23,0.4061478640544863,170,28254252.919222,0.5
2023-04-20 08:00:46,0.40261695306007195,170,28254252.919222,0.5
2023-04-21 08:00:40,0.39390058762259483,171,28265865.822759,0.5
2023-04-22 08:00:24,0.3931924481867668,171,28265865.822759,0.5
2023-04-23 08:00:24,0.38719283880080024,171,28265865.822759,0.5
2023-04-24 08:00:06,0.38596256079971497,171,28265865.822759,0.5
2023-04-25 08:00:30,0.37411732530536984,176,29137349.63596,0.5
2023-04-26 08:00:54,0.37101012721356885,179,29809029.754743,0.5
2023-04-27 08:00:53,0.3798717108373299,179,29809029.754743,0.5
2023-04-28 08:00:34,0.37585474462585533,179,29809029.754743,0.5
2023-04-30 08:00:13,0.37105389256934673,180,29849815.379048,0.5
2023-05-01 08:00:19,0.37098244452754714,180,29849815.379048,0.5
2023-05-02 08:00:47,0.3636789816828938,181,29849842.601269,0.5
2023-05-04 08:00:54,0.36109913563270757,187,30261836.202455,0.5
2023-05-05 08:00:04,0.37146423772607096,188,30261876.303464,0.5
2023-05-06 08:00:12,0.3727873169333261,188,30261876.303464,0.5
2023-05-07 08:00:24,0.37306835251433246,188,30261876.303464,0.5
2023-05-08 08:00:41,0.37183214454936386,188,30261876.303464,0.5
2023-05-09 08:00:08,0.37393949256491565,196,30657543.878071,0.5
2023-05-10 08:00:45,0.38236958119740994,202,30668926.322141,0.5
2023-05-11 08:00:36,0.38044497912754816,206,30672172.969222,0.5
2023-05-12 08:00:54,0.38030243781240247,206,30672172.969222,0.5
2023-05-13 08:00:42,0.37886640140361627,206,30672172.969222,0.5
2023-05-15 08:00:02,0.3786597788766036,206,30672172.969222,0.5
2023-05-16 08:00:23,0.3766916466604098,208,30700652.573956,0.5
2023-05-17 08:00:23,0.3754631368727661,208,30700652.573956,0.5
2023-05-18 08:00:02,0.30670166539460314,74,21336574.40583,0.5
2023-05-19 08:00:02,0.3164136240915013,69,21320625.769698,0.5
2023-05-20 08:00:02,0.3135057555685243,69,21320625.769698,0.5
2023-05-21 08:00:02,0.3104712242784252,68,21264275.912355,0.5
2023-05-22 08:00:02,0.31103371887126813,68,21264275.912355,0.5
2023-05-23 08:00:02,0.30928351656331005,69,21444226.653247,0.5
2023-05-24 08:00:02,0.3079329751827067,68,21443608.313936,0.5
2023-05-25 08:00:02,0.3141078010571279,74,21423379.558369,0.5
2023-05-26 08:00:02,0.3132896643079415,67,21421690.518606,0.5
2023-05-27 08:00:02,0.3115573370321048,67,21421690.518606,0.5
2023-05-28 08:00:02,0.30884597493404403,67,21421690.518606,0.5
2023-05-29 08:00:02,0.3038629706342903,67,21421690.518606,0.5
2023-05-30 08:00:02,0.2995040593173996,66,21352534.349812,0.5
2023-05-31 08:00:02,0.29431302246192736,70,21520310.013671,0.5
2023-06-01 08:00:02,0.30574600112038575,70,20912586.548431,0.5
2023-06-02 08:00:02,0.3155528200379975,65,20141637.846473,0.5
2023-06-03 08:00:02,0.32127177168368276,62,19815272.791568,0.5
2023-06-04 08:00:02,0.32155116303907866,58,19552366.750711,0.5
2023-06-05 08:00:02,0.3215136841582962,58,19552366.750711,0.5
2023-06-06 08:00:02,0.32173561701051245,59,19557103.992664,0.5
2023-06-07 08:00:02,0.3228395760921228,62,19605102.656396,0.5
2023-06-08 08:00:02,0.31692456047720663,63,19854182.976237,0.5
2023-06-09 08:00:02,0.32803468855851653,63,19854182.976237,0.5
2023-06-10 08:00:02,0.33258224105666895,63,19835048.838815,0.5
2023-06-11 08:00:02,0.33381053251965415,63,19835048.838815,0.5
2023-06-12 08:00:02,0.33436827614467857,62,19826476.670548,0.5
2023-06-13 08:00:02,0.32888894363883614,70,20072872.194862,0.5
2023-06-14 08:00:02,0.34963686093825896,70,20190417.514525,0.5
2023-06-15 08:00:02,0.34356185624233626,66,19794216.689991,0.5
2023-06-16 08:00:02,0.3407539608156608,66,19794216.689991,0.5
2023-06-17 08:00:02,0.3379692967996461,66,19794216.689991,0.5
2023-06-18 08:00:02,0.337602865886644,66,19794216.689991,0.5
2023-06-19 08:00:02,0.3492597326238516,65,19414546.370461,0.5
2023-06-20 08:00:02,0.3498533061709011,65,19414546.370461,0.5
2023-06-21 08:00:02,0.3498922072767676,64,19356331.524284,0.5
2023-06-22 08:00:02,0.35037061108002254,64,19356331.524284,0.5
2023-06-23 08:00:02,0.35316081553511425,64,19356331.524284,0.5
2023-06-24 08:00:02,0.2812720716055569,67,24619801.034119,0.5
2023-06-25 08:00:02,0.378713596487236,67,24619801.034119,0.5
2023-06-26 08:00:02,0.368652569277353,67,24619801.034119,0.5
2023-06-27 08:00:02,0.36837376163881197,68,24658995.098608,0.5
2023-06-28 08:00:02,0.36935897432843456,69,24666205.812425,0.5
2023-06-29 08:00:02,0.3653589212586233,69,24666205.812425,0.5
2023-06-30 08:00:02,0.3640004693020021,71,24773592.631417,0.5
2023-07-01 08:00:02,0.3636776437165757,70,24771852.024055,0.5
2023-07-02 08:00:02,0.3755201836943988,54,23785349.577954,0.5
2023-07-03 08:00:02,0.3735740775018862,52,23760415.021306,0.5
2023-07-04 08:00:02,0.3748664761954555,52,23760415.021306,0.5
2023-07-05 08:00:02,0.37501239946686593,51,23721220.956817,0.5
2023-07-06 08:00:02,0.3744741926637502,52,23743015.900086,0.5
2023-07-07 08:00:02,0.3717697947154276,52,23743015.900086,0.5
2023-07-08 08:00:02,0.37065701057513234,53,23754597.53786,0.5
2023-07-09 08:00:02,0.3658083163023058,53,23754597.53786,0.5
2023-07-10 08:00:02,0.36970524321340614,53,23754597.53786,0.5
2023-07-11 08:00:02,0.3650988067354355,55,24012468.7413,0.5
2023-07-12 08:00:02,0.370910682551278,55,24012468.7413,0.5
2023-07-13 08:00:02,0.36790948611966257,51,24121875.349685,0.5
2023-07-14 08:00:02,0.36665071749395667,52,24166368.198068,0.5
2023-07-15 08:00:02,0.3690021995282732,52,24185263.986534,0.5
2023-07-16 08:00:02,0.37068486267171463,52,24185263.986534,0.5
2023-07-17 08:00:02,0.36729676331030703,52,24185263.986534,0.5
2023-07-18 08:00:02,0.36732769470594523,56,24252269.825646,0.5
2023-07-19 08:00:02,0.3687971312941715,57,24246656.796948,0.5
2023-07-20 08:00:02,0.37398072961827195,64,24439692.598524,0.5
2023-07-21 08:00:02,0.37481680370114856,64,24439692.598524,0.5
2023-07-22 08:00:02,0.3707597012519637,67,24444137.17699,0.5
2023-07-23 08:00:02,0.3684382000562418,67,24444137.17699,0.5
2023-07-24 08:00:02,0.36310996763582526,67,24444137.17699,0.5
2023-07-25 08:00:03,0.3627276825749229,67,24444137.17699,0.5
2023-07-26 08:00:02,0.3590882019639419,68,24493454.730427,0.5
2023-07-27 08:00:02,0.36136114767054156,64,24237862.810591,0.5
2023-07-28 08:00:02,0.3537909544888403,69,24471523.309827,0.5
2023-07-29 08:00:03,0.3558694911561361,67,24411806.756167,0.5
2023-07-30 08:00:03,0.35340163359346677,67,24411806.756167,0.5
2023-07-31 08:00:02,0.35300312736694317,67,24411806.756167,0.5
2023-08-01 08:00:02,0.35622012042181256,67,24112396.091199,0.5
2023-08-02 08:00:02,0.3671922246550458,63,23357313.360946,0.5
2023-08-03 08:00:02,0.36326071872424776,65,23397211.723657,0.5
2023-08-04 08:00:02,0.36469351422459056,66,23403001.416423,0.5
2023-08-05 08:00:02,0.36915457642677046,65,23389644.543134,0.5
2023-08-06 08:00:02,0.36628704204952534,65,23472861.348952,0.5
2023-08-07 08:00:02,0.3675313064696566,65,23472861.348952,0.5
2023-08-08 08:00:02,0.36030300314870384,66,23618004.914821,0.5
2023-08-09 08:00:02,0.35814153071975524,69,23757424.606789,0.5
2023-08-10 08:00:02,0.3622662474776576,69,23757424.606789,0.5
2023-08-11 08:00:02,0.35763489652883756,67,23763327.109816,0.5
2023-08-12 08:00:02,0.35715732082804735,67,23763327.109816,0.5
2023-08-13 08:00:02,0.35566757510228797,66,23759782.432206,0.5
2023-08-14 08:00:02,0.35648439896379974,66,23759782.432206,0.5
2023-08-15 08:00:02,0.366288354951074,67,23763326.090447,0.5
2023-08-16 08:00:02,0.363070189796189,66,23685596.747695,0.5
2023-08-17 08:00:02,0.36468527199811734,64,23655783.223846998,0.5
2023-08-18 08:00:02,0.3643240420281844,64,23655783.223846998,0.5
2023-08-19 08:00:02,0.3615902404491904,66,23683178.899487,0.5
2023-08-20 08:00:02,0.364151099675019,65,23601258.097828,0.5
2023-08-21 08:00:02,0.36272973375376166,65,23601258.097828,0.5
2023-08-22 08:00:02,0.3632058294551655,79,23661643.550534,0.5
2023-08-23 08:00:02,0.3638073903668974,79,23660542.813804,0.5
2023-08-24 08:00:02,0.36315422925448587,81,23669261.422915,0.5
2023-08-25 08:00:02,0.3629821047554661,72,23590264.753598,0.5
2023-08-26 08:00:02,0.3646973979959995,69,23441186.252916,0.5
2023-08-27 08:00:02,0.36661803385066194,69,23441186.252916,0.5
2023-08-28 08:00:02,0.36737945950171413,69,23441186.252916,0.5
2023-08-29 08:00:02,0.3657981278128954,69,23441186.252916,0.5
2023-08-30 08:00:02,0.36631641513120544,69,23433369.483247,0.5
2023-08-31 08:00:02,0.36461093499355074,69,23433369.483247,0.5
2023-09-01 08:00:02,0.3620644275187491,69,23433369.483247,0.5
2023-09-02 08:00:02,0.3691113940477657,62,22812706.298335,0.5
2023-09-03 08:00:02,0.36637604951663955,62,22871784.752226,0.5
2023-09-04 08:00:02,0.3655037132967616,62,22871784.752226,0.5
2023-09-05 08:00:02,0.3649000755573324,62,22871784.752226,0.5
2023-09-06 08:00:02,0.3584813580978831,63,22968557.378008,0.5
2023-09-07 08:00:02,0.3612323126930264,63,22968557.378008,0.5
2023-09-08 08:00:02,0.3605193955145024,63,22968557.378008,0.5
2023-09-09 08:00:02,0.36106219043031884,65,23271421.292505,0.5
2023-09-10 08:00:02,0.3659463590257578,65,23271421.292505,0.5
2023-09-11 08:00:02,0.36541135170284644,65,23271421.292505,0.5
2023-09-12 08:00:02,0.36499655221190197,65,23271421.292505,0.5
2023-09-13 08:00:02,0.35650157747759076,67,23696304.93194,0.5
2023-09-14 08:00:02,0.3630101980339174,71,23728971.830054,0.5
2023-09-15 08:00:02,0.36529933093133543,73,23750460.512139,0.5
2023-09-16 08:00:02,0.36224723693819466,75,23758179.927444,0.5
2023-09-17 08:00:02,0.36014119519029536,75,23993889.156404,0.5
2023-09-18 08:00:02,0.37001581256886146,75,23993889.156404,0.5
2023-09-19 08:00:02,0.37093837622360837,80,24020140.126014,0.5
2023-09-20 08:00:02,0.37004409426141993,86,24074608.521764,0.5
2023-09-21 08:00:02,0.3684477348536699,86,23985084.694043,0.5
2023-09-22 08:00:02,0.19446160660398526,92,45299761.930456,0.5
2023-09-23 08:00:02,0.3567462221520608,92,45299761.930456,0.5
2023-09-24 08:00:02,0.38572871277089504,92,45299761.930456,0.5
2023-09-25 08:00:02,0.3868634019600479,92,45299761.930456,0.5
2023-09-26 08:00:02,0.385001265073525,93,45300420.055882,0.5
2023-09-27 08:00:03,0.38305528535642647,105,45318923.313979,0.5
2023-09-28 08:00:03,0.38395539186850347,106,45297970.285491005,0.5
2023-09-29 08:00:02,0.39913939685323896,93,45264636.88032,0.5
2023-09-30 08:00:02,0.386120950624317,102,45323136.421055,0.5
2023-10-01 08:00:02,0.39435398433083774,101,44158265.915187,0.5
2023-10-02 08:00:02,0.3916891657985068,90,43731515.611176,0.5
2023-10-03 08:00:02,0.390951849660728,83,43410228.840184,0.5
2023-10-04 08:00:03,0.3919084634576988,88,43684793.338807,0.5
2023-10-05 08:00:02,0.38814753161634113,99,44626859.587768,0.5
2023-10-06 08:00:02,0.3973300379879466,99,44626859.587768,0.5
2023-10-07 08:00:02,0.39455671912885143,101,44824523.287715,0.5
2023-10-08 08:00:02,0.38681611725253656,104,45707318.452128,0.5
2023-10-09 08:00:02,0.3943253905050606,107,45842199.577081,0.5
2023-10-10 08:00:02,0.3910619442984063,112,46245843.567181,0.5
2023-10-11 08:00:02,0.39225629387212746,113,46686991.901146,0.5
2023-10-12 08:00:02,0.38540786908661945,114,47171705.126937,0.5
2023-10-13 08:00:02,0.38595158185688533,117,47343627.92914,0.5
2023-10-14 08:00:02,0.38881661060186096,118,47372067.338227,0.5
2023-10-15 08:00:02,0.38616823709473636,118,47372067.338227,0.5
2023-10-16 08:00:02,0.38187916151525114,120,47703021.931803,0.5
2023-10-17 08:00:02,0.3846494217352772,120,47702208.218815,0.5
2023-10-18 08:00:02,0.3808746360499337,121,48239323.932050005,0.5
2023-10-19 08:00:02,0.3841081343496946,119,48194330.037237,0.5
2023-10-20 08:00:02,0.38330057409747154,125,48297485.822752,0.5
2023-10-21 08:00:02,0.38694749721147553,128,48358277.675644,0.5
2023-10-22 08:00:02,0.3831317087001866,125,48188987.302998,0.5
2023-10-23 08:00:02,0.3853331308625845,125,48188987.302998,0.5
2023-10-24 08:00:02,0.381550557517249,128,48310017.127673,0.5
2023-10-25 08:00:02,0.3824856830406894,128,47848762.158151,0.5
2023-10-26 08:00:02,0.3818740593412663,116,47267942.845197,0.5
2023-10-27 08:00:02,0.3639602193571796,117,49077496.425229,0.5
2023-10-28 08:00:02,0.382274708262465,118,49220303.624125004,0.5
2023-10-29 08:00:03,0.3789714969550729,118,49220303.624125004,0.5
2023-10-30 08:00:03,0.3776077067511717,118,49220303.624125004,0.5
2023-10-31 08:00:02,0.3701252399955005,121,49310614.588096,0.5
2023-11-01 08:00:02,0.37060358478843086,122,49369154.112643,0.5
2023-11-02 08:00:02,0.37789961712226844,115,48358920.110819004,0.5
2023-11-03 08:00:02,0.3679896812123017,114,48300380.586272,0.5
2023-11-04 08:00:02,0.37023385473598835,112,47706507.209800005,0.5
2023-11-05 08:00:02,0.3667308186935207,112,47706507.209800005,0.5
2023-11-06 08:00:06,0.3663819629345111,110,47307225.533783,0.5
2023-11-07 08:00:02,0.3783950870784566,112,47400166.352394,0.5
2023-11-08 08:00:02,0.3815726120996426,118,47480632.629679,0.5
2023-11-09 08:00:03,0.38161712124257696,115,47258389.135119,0.5
2023-11-10 08:00:02,0.38376307991816333,107,47157684.414452,0.5
2023-11-11 08:00:02,0.3834973607045096,107,47157684.414452,0.5
2023-11-12 08:00:02,0.38513240730839904,106,47061572.670348,0.5
2023-11-13 08:00:02,0.38459128814714993,112,47136691.613604,0.5
2023-11-14 08:00:02,0.3850038411637305,112,47136691.613604,0.5
2023-11-15 08:00:02,0.3920221468886548,114,47160296.303498,0.5
2023-11-16 08:00:02,0.3922718245989573,115,47165962.586307,0.5
2023-11-17 08:00:03,0.3917941026685843,114,47211703.399616,0.5
2023-11-18 08:00:02,0.38715873803667494,116,47263169.594132,0.5
2023-11-19 08:00:03,0.3870223592877796,115,47211606.460242,0.5
2023-11-20 08:00:02,0.38724602699838195,114,46935832.183232,0.5
2023-11-21 08:00:02,0.39003656951426885,115,46959289.322729,0.5
2023-11-22 08:00:02,0.38746553347932244,115,46993207.52141,0.5
2023-11-23 08:00:02,0.38513395333958117,115,46975904.101103,0.5
2023-11-24 08:00:02,0.38801321607916645,115,46975904.101103,0.5
2023-11-25 08:00:02,0.3871231867461405,113,46900071.992515996,0.5
2023-11-26 08:00:02,0.3861206415226559,114,46914466.393741,0.5
2023-11-27 08:00:02,0.3849088475627048,114,46665321.428524,0.5
2023-11-28 08:00:02,0.38633677327523364,116,46723412.977681,0.5
2023-11-29 08:00:02,0.37090428814906606,120,48748393.38974,0.5
2023-11-30 08:00:02,0.3767037331581097,123,49901564.399066,0.5
2023-12-01 08:00:02,0.38510187488870695,128,50356524.167896,0.5
2023-12-02 08:00:03,0.3142766471962245,117,61897321.34268,0.5
2023-12-03 08:00:02,0.4268893299521286,118,62235611.256945,0.5
2023-12-04 08:00:02,0.4237848821485374,118,62235611.256945,0.5
2023-12-05 08:00:02,0.4065201562577647,122,62268561.50094,0.5
2023-12-06 08:00:03,0.4045401622985376,124,62328722.387768,0.5
2023-12-07 08:00:02,0.3916104257798776,134,63978369.659679,0.5
2023-12-08 08:00:02,0.4011685410308846,127,63978801.004875,0.5
2023-12-09 08:00:02,0.3991588636656124,133,64290452.662422,0.5
2023-12-10 08:00:02,0.39940852237598834,132,64286063.588985,0.5
2023-12-11 08:00:02,0.3834871160763407,132,64286063.588985,0.5
2023-12-12 08:00:02,0.39080005761774494,136,64370180.682803996,0.5
2023-12-13 08:00:02,0.3881241179621734,142,64884810.410595,0.5
2023-12-14 08:00:02,0.3801780420699864,148,65312104.312196,0.5
2023-12-15 08:00:02,0.38040346703802574,150,65429735.137267,0.5
2023-12-16 08:00:02,0.3768089761994226,150,65429735.137267,0.5
2023-12-17 08:00:02,0.37613783974468745,150,65429735.137267,0.5
2023-12-18 08:00:02,0.36951225899885126,150,65429735.137267,0.5
2023-12-19 08:00:02,0.3653665785194231,154,67449332.794122,0.5
2023-12-20 08:00:02,0.3680218706803862,156,67469585.091692,0.5
2023-12-21 08:00:03,0.3706893584162345,165,68033617.822859,0.5
2023-12-22 08:00:02,0.3721916918360813,170,69269822.208473,0.5
2023-12-23 08:00:02,0.37013691412934,174,69280058.279902,0.5
2023-12-24 08:00:02,0.37200918523397386,174,69280058.279902,0.5
2023-12-25 08:00:02,0.3690621837326726,174,69280058.279902,0.5
2023-12-26 08:00:02,0.3696069410088397,173,69270955.713738,0.5
2023-12-27 08:00:03,0.37747232499207806,175,69296920.31768,0.5
2023-12-28 08:00:03,0.3648219305961904,183,70049834.731255,0.5
2023-12-29 08:00:02,0.36959687000948127,183,70343894.813797,0.5
2023-12-30 08:00:02,0.3670213515092609,189,71309216.16963,0.5
2023-12-31 08:00:02,0.36894253919933573,189,72187961.343208,0.5
2024-01-01 08:00:02,0.36990621746883057,189,72187961.343208,0.5
2024-01-02 08:00:02,0.3640813782360155,129,70016493.389714,0.5
2024-01-03 08:00:02,0.35692342179298503,127,70019985.338272,0.5
2024-01-04 08:00:02,0.3343556637366377,132,76383310.352922,0.5
2024-01-05 08:00:03,0.06408235308471778,134,451794454.97568,0.5
2024-01-06 08:00:02,0.23241572714427597,139,768593658.957004,0.5
2024-01-07 08:00:02,0.15925053004335743,153,1201924557.0034199,0.5
2024-01-08 08:00:02,0.1627921447880947,153,1201924557.0034199,0.5
2024-01-09 08:00:03,0.15963571150341693,164,1208604704.636868,0.5
2024-01-10 08:00:03,0.10352784772691878,186,1754893698.693119,0.5
2024-01-11 08:00:03,0.195458232259108,207,1933193376.997081,0.5
2024-01-12 08:00:03,0.20295935447758187,213,1934075308.210803,0.5
2024-01-13 08:00:02,0.19549170295074164,213,1955036415.338786,0.5
2024-01-14 08:00:02,0.16117172479978073,221,2288186665.382128,0.5
2024-01-15 08:00:03,0.18035362717492698,220,2288170992.075622,0.5
2024-01-16 08:00:02,0.17581242497228342,221,2293843409.985114,0.5
2024-01-17 08:00:03,0.17120238042770614,208,2293763997.648241,0.5
2024-01-18 08:00:02,0.16708001814553947,212,2302875395.278342,0.5
2024-01-19 08:00:02,0.16034758079778114,221,2352414888.072811,0.5
2024-01-20 08:00:03,0.1639624602024184,224,2352927022.742284,0.5
2024-01-21 08:00:02,0.16280151190468112,219,2351784866.503623,0.5
2024-01-22 08:00:02,0.16000971881847387,218,2351723047.875418,0.5
2024-01-23 08:00:03,0.15004288858395365,225,2352923553.68929,0.5
2024-01-24 08:00:02,0.14725956516236852,225,2352923553.68929,0.5
2024-01-25 08:00:02,0.13745247094112875,212,2346737583.656862,0.5
2024-01-26 08:00:02,0.13680795745349517,226,2369029673.673452,0.5
2024-01-27 08:00:02,0.1357138947521594,231,2369710364.111056,0.5
2024-01-28 08:00:02,0.13324635051319833,231,2369710364.111056,0.5
2024-01-29 08:00:02,0.13099371848836913,232,2370173906.884598,0.5
2024-01-30 08:00:02,0.1299059513390861,232,2369721694.96645,0.5
2024-01-31 08:00:02,0.1263203753749056,245,2395152037.41838,0.5
2024-02-01 08:00:02,0.13281021527017656,254,2399183102.897417,0.5
2024-02-02 08:00:02,0.13024079353660506,243,2399779993.81673,0.5
2024-02-03 08:00:02,0.12961835592133097,246,2399117153.235064,0.5
2024-02-04 08:00:03,0.12951245417397306,245,2399048528.27024,0.5
2024-02-05 08:00:02,0.12742527710585155,245,2399048528.27024,0.5
2024-02-06 08:00:02,0.12627059022473053,243,2398913333.893963,0.5
2024-02-07 08:00:02,0.12595489053554823,244,2399126921.854003,0.5
2024-02-08 08:00:02,0.12558736831657394,249,2399181289.016399,0.5
2024-02-09 08:00:02,0.12448964064843393,254,2399977095.034026,0.5
2024-02-10 08:00:03,0.1359971593649008,254,2399824237.8742847,0.5
2024-02-11 08:00:03,0.1360759396631014,253,2399749231.345972,0.5
2024-02-12 08:00:03,0.1352612342026395,253,2399749231.345972,0.5
2024-02-13 08:00:02,0.13549066849072736,258,2399982112.250481,0.5
2024-02-14 08:00:03,0.1348977358382543,260,2402246462.485851,0.5
2024-02-15 08:00:03,0.13391357705709306,273,2405113378.220781,0.5
2024-02-16 08:00:03,0.13217317770425657,281,2408257363.942643,0.5
2024-02-17 08:00:02,0.13224334711216118,281,2408108413.297431,0.5
2024-02-18 08:00:02,0.13109766173157442,281,2407436212.758077,0.5
2024-02-19 08:00:02,0.12996402832529122,281,2407436212.758077,0.5
2024-02-20 08:00:02,0.1280051368741557,281,2407436212.758077,0.5
2024-02-21 08:00:03,0.1276967249836888,285,2408327653.894124,0.5
2024-02-22 08:00:02,0.12791500391589328,288,2408399902.606835,0.5
2024-02-23 08:00:02,0.126815302836433,290,2408624117.54881,0.5
2024-02-24 08:00:02,0.12590200521130648,301,2409048611.079936,0.5
2024-02-25 08:00:02,0.12557840679915447,298,2408193258.219021,0.5
2024-02-26 08:00:02,0.1257763712989253,287,2404450539.616158,0.5
2024-02-27 08:00:02,0.12520697711171586,286,2404389585.91,0.5
2024-02-28 08:00:03,0.12484916041552307,312,2405908694.970335,0.5
2024-02-29 08:00:02,0.1256414664170303,312,2406472138.938273,0.5
2024-03-01 08:00:02,0.12575457108164642,344,2407495630.6846848,0.5
2024-03-02 08:00:03,0.12642394740736942,339,2405427853.295564,0.5
2024-03-03 08:00:03,0.12567340166291738,342,2405282929.762041,0.5
2024-03-04 08:00:03,0.12644586422030635,320,2405009184.027299,0.5
2024-03-05 08:00:03,0.12417461796202194,318,2427610928.216771,0.5
2024-03-06 08:00:03,0.1292803207292058,323,2428850218.462873,0.5
2024-03-07 08:00:02,0.12652533918647166,303,2437082113.190065,0.5
2024-03-08 08:00:02,0.12234356256658083,293,2519253134.819191,0.5
2024-03-09 08:00:03,0.13216968304972487,284,2600895513.243334,0.5
2024-03-10 08:00:02,0.1420078015965413,283,2600847681.920512,0.5
2024-03-11 08:00:02,0.14112702606390634,283,2600847681.920512,0.5
2024-03-12 08:00:02,0.13978830143619358,296,2601134227.000409,0.5
2024-03-13 08:00:03,0.1375860081208356,294,2600680454.744652,0.5
2024-03-14 08:00:03,0.13410804842522325,294,2600782045.083784,0.5
2024-03-15 08:00:03,0.1328769252128974,293,2600781545.0845838,0.5
2024-03-16 08:00:02,0.13235658330136005,295,2600769554.14709,0.5
2024-03-17 08:00:03,0.1333876777086244,292,2600658272.475644,0.5
2024-03-18 08:00:03,0.1337689344110057,301,2602176597.706135,0.5
2024-03-19 08:00:02,0.13316929715840065,315,2602506115.937786,0.5
2024-03-20 08:00:03,0.1305546618465487,339,2641433609.499549,0.5
2024-03-21 08:00:03,0.1322191236767042,336,2641135236.341539,0.5
2024-03-22 08:00:02,0.1286085483571316,333,2688420166.532248,0.5
2024-03-23 08:00:03,0.1325862489883086,337,2689146671.925068,0.5
2024-03-24 08:00:03,0.13213683367414425,336,2689085050.353672,0.5
2024-03-25 08:00:03,0.1320945949373299,332,2688964614.625657,0.5
2024-03-26 08:00:02,0.1324891305284524,339,2689047422.268582,0.5
2024-03-27 08:00:03,0.13154061479271287,337,2689241286.712459,0.5
2024-03-28 08:00:03,0.1306440084411461,342,2689350700.902749,0.5
2024-03-29 08:00:02,0.1253434643069013,450,2794174823.238209,0.5
2024-03-30 08:00:02,0.13176472509517936,453,2794380521.466894,0.5
2024-03-31 08:00:03,0.13057094739615632,453,2794380521.466894,0.5
2024-04-01 08:00:02,0.13161419576950892,458,2794491691.255823,0.5
2024-04-02 08:00:03,0.1307970305530473,421,2792269625.935226,0.5
2024-04-03 08:00:03,0.13107286871220536,423,2791833089.302051,0.5
2024-04-04 08:00:03,0.12843801106850725,450,2845669455.270222,0.5
2024-04-05 08:00:03,0.1307166557267026,461,2850928907.707152,0.5
2024-04-06 08:00:03,0.12983788550120526,462,2851008051.757848,0.5
2024-04-07 08:00:02,0.13018238310080432,455,2850874771.280724,0.5
2024-04-08 08:00:03,0.1300791175029209,454,2850822428.88622,0.5
2024-04-09 08:00:03,0.1303921070947157,459,2851020544.772118,0.5
2024-04-10 08:00:03,0.13452533372788122,458,2851000291.947772,0.5
2024-04-11 08:00:03,0.1303609782426026,478,2855583756.545821,0.5
2024-04-12 08:00:03,0.13061718080004991,482,2856217577.488832,0.5
2024-04-13 08:00:02,0.13037442415564465,552,2863472694.829079,0.5
2024-04-14 08:00:03,0.1309140730250978,547,2862217143.724624,0.5
2024-04-15 08:00:03,0.13064078256527104,544,2862169758.208528,0.5
2024-04-16 08:00:03,0.1316260127078392,549,2864291336.861645,0.5
2024-04-17 08:00:03,0.13077838883636836,552,2863917962.704232,0.5
2024-04-18 08:00:03,0.13069508674025934,558,2864380591.093835,0.5
2024-04-19 08:00:03,0.13150864428244877,559,2865249877.810682,0.5
2024-04-20 08:00:02,0.13253106225144923,559,2867150716.798124,0.5
2024-04-21 08:00:03,0.13298579324516532,552,2867068804.916553,0.5
2024-04-22 08:00:03,0.13284050695304633,552,2867386054.721877,0.5
2024-04-23 08:00:02,0.1328298007811341,555,2867684551.457755,0.5
2024-04-24 08:00:03,0.13280696609981066,555,2867684551.457755,0.5
2024-04-25 08:00:03,0.1284082262665176,571,2948976376.678346,0.5
2024-04-26 08:00:02,0.13341320191400347,576,2950838940.067042,0.5
2024-04-27 08:00:03,0.1336800383237827,580,2950958646.203487,0.5
2024-04-28 08:00:03,0.13460825545871377,573,2950788945.893339,0.5
2024-04-29 08:00:03,0.13519097794937793,573,2950788945.893339,0.5
2024-04-30 08:00:04,0.13458474826881056,576,2950869577.922929,0.5
2024-05-01 08:00:03,0.13368988673498278,562,2949981721.096284,0.5
2024-05-02 08:00:03,0.1323544633948822,541,2950002779.092595,0.5
2024-05-03 08:00:03,0.13176934622388797,560,2949611074.093038,0.5
2024-05-04 08:00:03,0.13174723959658588,563,2949744007.20032,0.5
2024-05-05 08:00:03,0.13108735671889726,562,2949654232.249219,0.5
2024-05-06 08:00:02,0.12967759505725415,562,2949654232.249219,0.5
2024-05-07 08:00:02,0.12837060017531848,576,2962696556.074403,0.5
2024-05-08 08:00:03,0.12995460519957713,579,2963474655.949434,0.5
2024-05-09 08:00:03,0.1295460906465927,614,2967500723.806948,0.5
2024-05-10 08:00:03,0.1308963191882498,614,2967500723.806948,0.5
2024-05-11 08:00:04,0.13164749630012168,613,2967475133.655006,0.5
2024-05-12 08:00:03,0.1312204993690091,613,2967475133.655006,0.5
2024-05-13 08:00:04,0.1309634712614262,613,2967475133.655006,0.5
2024-05-14 08:00:03,0.1301861038562647,613,2967475133.655006,0.5
2024-05-15 08:00:04,0.12870845986897347,614,2967484274.902645,0.5
2024-05-16 08:00:04,0.12292749861943587,610,3050530768.22922,0.5
2024-05-17 08:00:03,0.1313066253783086,609,3050471166.330504,0.5
2024-05-18 08:00:03,0.13202743797044875,617,3050546145.942819,0.5
2024-05-19 08:00:03,0.13217112592784497,617,3050546145.942819,0.5
2024-05-20 08:00:03,0.13194175761458685,619,3050627245.099081,0.5
2024-05-21 08:00:03,0.13262591027912618,624,3050625501.243289,0.5
2024-05-22 08:00:03,0.1316645989984922,654,3063130055.290228,0.5
2024-05-23 08:00:03,0.13242946989498086,652,3063176776.902874,0.5
2024-05-24 08:00:03,0.1325491148964491,654,3063178431.067687,0.5
2024-05-25 08:00:03,0.13419481402504702,655,3050369427.260999,0.5
2024-05-26 08:00:03,0.1336313533436243,654,3050318584.669545,0.5
2024-05-27 08:00:03,0.13357531968413813,654,3050318584.669545,0.5
2024-05-28 08:00:03,0.1344592843171314,653,3050276923.293949,0.5
2024-05-29 08:00:04,0.13393205363989003,656,3050322357.819808,0.5
2024-05-30 08:00:03,0.13302840888779222,667,3052873903.820487,0.5
2024-05-31 08:00:03,0.13407325065599063,669,3053383856.535447,0.5
2024-06-01 08:00:03,0.1330818488646947,682,3067267900.324307,0.5
2024-06-02 08:00:03,0.13591331180437932,662,3066637332.597903,0.5
2024-06-03 08:00:03,0.13630925232249347,662,3066637332.597903,0.5
2024-06-04 08:00:02,0.13581524993001093,672,3070392922.088083,0.5
2024-06-05 08:00:02,0.13472847309927782,676,3071793094.145181,0.5
2024-06-06 08:00:03,0.13600094270823568,688,3073431050.4112678,0.5
2024-06-07 08:00:02,0.14014967073008214,689,3073452551.492621,0.5
2024-06-08 08:00:02,0.14168429237222008,700,3078650918.535841,0.5
2024-06-09 08:00:03,0.14260529683166773,696,3078579779.948638,0.5
2024-06-10 08:00:04,0.14170045361879657,694,3078544444.388178,0.5
2024-06-11 08:00:02,0.1399429694229254,706,3080254682.9583,0.5
2024-06-12 08:00:03,0.13848918328623205,709,3080438213.866795,0.5
2024-06-13 08:00:03,0.1384971338717283,701,3080828898.906285,0.5
2024-06-14 08:00:03,0.1375788434382426,707,3079744305.325512,0.5
2024-06-15 08:00:04,0.13708531272058222,707,3080081258.069809,0.5
2024-06-16 08:00:04,0.13785146676259152,701,3080055498.5536838,0.5
2024-06-17 08:00:04,0.136517808200301,701,3080055498.5536838,0.5
2024-06-18 08:00:03,0.13308260130551264,709,3161863618.157565,0.5
2024-06-19 08:00:03,0.14804225962782214,711,3161966229.761024,0.5
2024-06-20 08:00:04,0.14781300599802596,706,3162524556.7456408,0.5
2024-06-21 08:00:03,0.14597716782414016,709,3162547139.145518,0.5
2024-06-22 08:00:02,0.14558674094739418,716,3164240474.094455,0.5
2024-06-23 08:00:03,0.14185285884901383,714,3164084860.912265,0.5
2024-06-24 08:00:03,0.14179091050263307,714,3164084860.912265,0.5
2024-06-25 08:00:03,0.14020629722615235,717,3164351773.020894,0.5
2024-06-26 08:00:03,0.1392628386543983,721,3164400166.8471518,0.5
2024-06-27 08:00:02,0.13934789887913676,711,3158624168.255948,0.5
2024-06-28 08:00:03,0.1379393346092426,721,3158897786.062078,0.5
2024-06-29 08:00:02,0.1554069760833426,713,3238297473.564643,0.5
2024-06-30 08:00:02,0.16001764698020515,711,3238280240.774724,0.5
2024-07-01 08:00:02,0.17189565531157175,711,3238280240.774724,0.5
2024-07-02 08:00:03,0.15891279166659011,678,3243825040.478652,0.5
2024-07-03 08:00:02,0.1717420136480978,681,3246341768.616628,0.5
2024-07-04 08:00:03,0.17437064367253885,704,3328881418.406195,0.5
2024-07-05 08:00:02,0.18232638847480123,700,3327654386.397742,0.5
2024-07-06 08:00:02,0.1786285583655905,696,3358754069.699795,0.5
2024-07-07 08:00:02,0.17815696749734503,688,3358423092.311344,0.5
2024-07-08 08:00:02,0.17440504823295086,686,3358373097.818441,0.5
2024-07-09 08:00:02,0.16040649533420492,687,3358695085.177385,0.5
2024-07-10 08:00:03,0.16333754219014143,691,3358869278.193189,0.5
2024-07-11 08:00:03,0.1744738833995712,691,3358872404.065704,0.5
2024-07-12 08:00:02,0.17957013534077787,706,3377801393.476849,0.5
2024-07-13 08:00:03,0.179752485301776,703,3378389643.253599,0.5
2024-07-14 08:00:02,0.1717861183378746,702,3376249876.176633,0.5
2024-07-15 08:00:03,0.1584084228194798,707,3377685576.473301,0.5
2024-07-16 08:00:02,0.15578002920458245,708,3377874576.006178,0.5
2024-07-17 08:00:01,0.1578383151326997,671,3295261424.055061,0.5
2024-07-18 08:00:02,0.1747349762787712,672,3300799644.73915,0.5
2024-07-19 08:00:01,0.18301311135691206,675,3294770165.236272,0.5
2024-07-20 08:00:01,0.18433798417760805,664,3294417022.434707,0.5
2024-07-21 08:00:01,0.18266771386112707,659,3293602375.604172,0.5
2024-07-22 08:00:01,0.16723020443086983,643,3267963846.702615,0.5
2024-07-23 08:00:01,0.1624883255963126,641,3267900071.391545,0.5
2024-07-24 08:00:01,0.15389199456041955,655,3271805620.649522,0.5
2024-07-25 08:00:01,0.159453980273524,664,3282453924.606555,0.5
2024-07-26 08:00:02,0.147399013486961,658,3341714919.951709,0.5
2024-07-27 08:00:02,0.1435321528603574,663,3340571034.977658,0.5
2024-07-28 08:00:02,0.1462392825497859,657,3340323058.062834,0.5
2024-07-29 08:00:02,0.14362460017826154,664,3340558832.208924,0.5
2024-07-30 08:00:01,0.1439241241244037,675,3342603409.649275,0.5
2024-07-31 08:00:02,0.14431186552426242,690,3343845194.115557,0.5
2024-08-01 08:00:02,0.13969400418294423,693,3354705598.335107,0.5
2024-08-02 08:00:01,0.1350135960869638,674,3338599309.446226,0.5
2024-08-03 08:00:02,0.1279092661580799,687,3510216169.822966,0.5
2024-08-04 08:00:01,0.1353194597769852,683,3509605686.383532,0.5
2024-08-05 08:00:01,0.13531257723904092,682,3509464641.456871,0.5
2024-08-06 08:00:01,0.13419496447644785,689,3511927161.957345,0.5
2024-08-07 08:00:01,0.14360124559657633,646,3111375620.297279,0.5
2024-08-08 08:00:01,0.14510558613537997,640,3131476666.026945,0.5
2024-08-09 08:00:02,0.14220685568461872,663,3265514735.063347,0.5
2024-08-10 08:00:02,0.13540586241409588,690,3515388106.9553,0.5
2024-08-11 08:00:01,0.13589352910495225,688,3521884632.8108478,0.5
2024-08-12 08:00:01,0.13571649337883834,689,3523001742.114807,0.5
2024-08-13 08:00:02,0.13299846572163845,698,3524574331.681954,0.5
2024-08-14 08:00:02,0.1300844375151731,705,3529821659.886988,0.5
2024-08-15 08:00:02,0.12792724786340345,711,3531716548.94836,0.5
2024-08-16 08:00:02,0.12834457742378413,733,3533932439.384768,0.5
2024-08-17 08:00:02,0.1284973993808743,747,3536332619.614736,0.5
2024-08-18 08:00:02,0.13154856244739796,736,3534763067.402611,0.5
2024-08-19 08:00:02,0.13284912656695202,733,3534478072.5158877,0.5
2024-08-20 08:00:01,0.1313517398479635,739,3534895314.492192,0.5
2024-08-21 08:00:02,0.13187250832724817,755,3537125421.397533,0.5
2024-08-22 08:00:02,0.13261522635799874,759,3551000499.522213,0.5
2024-08-23 08:00:02,0.13485916931447503,777,3552896889.270537,0.5
2024-08-24 08:00:02,0.13064401023293876,735,3531992804.321186,0.5
2024-08-25 08:00:01,0.13073686833820675,720,3531643545.518077,0.5
2024-08-26 08:00:02,0.12951811267898455,719,3531067293.050079,0.5
2024-08-27 08:00:01,0.1281363230247617,742,3540924405.24654,0.5
2024-08-28 08:00:01,0.13003767257198623,748,3525501168.27778,0.5
2024-08-29 08:00:02,0.13010786120300277,764,3531155204.98677,0.5
2024-08-30 08:00:02,0.1329503740698602,774,3531790336.6632648,0.5
2024-08-31 08:00:02,0.13091571004964925,749,3530002768.412768,0.5
2024-09-01 08:00:02,0.1322972377850638,745,3529746417.6626,0.5
2024-09-02 08:00:02,0.13228958321717396,709,3515221560.8614397,0.5
2024-09-03 08:00:02,0.13085418419810485,708,3514894675.403554,0.5
2024-09-04 08:00:02,0.13103273577126903,740,3572291073.7173047,0.5
2024-09-05 08:00:02,0.1373075368563853,759,3573302734.4551687,0.5
2024-09-06 08:00:02,0.13874012432176702,760,3579277145.747614,0.5
2024-09-07 08:00:02,0.13519099875481713,754,3579079653.070189,0.5
2024-09-08 08:00:02,0.13607900971618048,741,3578193752.11579,0.5
2024-09-09 08:00:01,0.1375143472203061,740,3578183722.34973,0.5
2024-09-10 08:00:02,0.13841696459077896,754,3578538151.695886,0.5
2024-09-11 08:00:01,0.13774027513211048,776,3580381240.743396,0.5
2024-09-12 08:00:02,0.13312507528681083,746,3576208235.131867,0.5
2024-09-13 08:00:02,0.12889710568990537,751,3578790839.03679,0.5
2024-09-14 08:00:02,0.13069236944093668,746,3578434082.820976,0.5
2024-09-15 08:00:02,0.131488754064895,730,3572770828.7329497,0.5
2024-09-16 08:00:02,0.13256686297628673,733,3572951081.802395,0.5
2024-09-17 08:00:02,0.13277772004701885,766,3579163570.588141,0.5
2024-09-18 08:00:02,0.12403834808928027,777,3772760647.373056,0.5
2024-09-19 08:00:01,0.1295888735758421,770,3836113542.453689,0.5
2024-09-20 08:00:02,0.1421994485498344,770,3847320966.074113,0.5
2024-09-21 08:00:02,0.1399503531762178,786,3851517757.494496,0.5
2024-09-22 08:00:02,0.13974100057629107,769,3850627338.326691,0.5
2024-09-23 08:00:02,0.13742210484036826,767,3850145432.965497,0.5
2024-09-24 08:00:02,0.13925573554514314,779,3853372116.646186,0.5
2024-09-25 08:00:02,0.13747017762999325,789,3893109345.334468,0.5
2024-09-26 08:00:02,0.14331445382163654,795,3893403562.419611,0.5
2024-09-27 08:00:02,0.142986613812109,820,3898565507.551507,0.5
2024-09-28 08:00:02,0.1428170451007542,817,3899039904.358378,0.5
2024-09-29 08:00:03,0.14183495691358755,799,3897263302.366531,0.5
2024-09-30 08:00:03,0.14167649900563065,798,3897221085.282885,0.5
2024-10-01 08:00:02,0.1448983196398791,812,3898874946.65869,0.5
2024-10-02 08:00:02,0.14495602696749219,787,3893497125.977673,0.5
2024-10-03 08:00:02,0.14249842825424613,778,3906225638.170183,0.5
2024-10-04 08:00:02,0.1431280117681672,762,3909166665.933894,0.5
2024-10-05 08:00:02,0.14125009263286248,765,3898660531.530427,0.5
2024-10-06 08:00:02,0.14278756136778203,747,3897746823.9575157,0.5
2024-10-07 08:00:02,0.14081499618209065,731,3891798741.366783,0.5
2024-10-08 08:00:02,0.14187656578391897,769,3895356812.7396097,0.5
2024-10-09 08:00:02,0.13353587905644337,842,4094815300.26433,0.5
2024-10-10 08:00:02,0.1427757855940337,899,4100386717.514084,0.5
2024-10-11 08:00:03,0.14383379807931962,894,4099888167.978517,0.5
2024-10-12 08:00:02,0.14232355609385117,872,4108126728.614837,0.5
2024-10-13 08:00:03,0.14167932168953748,866,4106262570.929939,0.5
2024-10-14 08:00:02,0.13944793273731595,849,4104181958.181637,0.5
2024-10-15 08:00:02,0.14075473497492696,846,4104205639.680549,0.5
2024-10-16 08:00:03,0.13543532650436055,875,4107635999.3371477,0.5
2024-10-17 08:00:02,0.1385799965394952,871,4108375339.511212,0.5
2024-10-18 08:00:02,0.13898625793961908,860,4110477221.152083,0.5
2024-10-19 08:00:02,0.13757917167702644,875,4035906423.797915,0.5
2024-10-20 08:00:02,0.13726514980727106,864,4034081377.907524,0.5
2024-10-21 08:00:02,0.1357561344091118,858,4033659962.433744,0.5
2024-10-22 08:00:02,0.13642390352657138,871,4033948253.0592017,0.5
2024-10-23 08:00:02,0.13640025539223147,896,4098357571.1799097,0.5
2024-10-24 08:00:03,0.14269637034438157,936,4130214647.19165,0.5
2024-10-25 08:00:03,0.14432574754411653,965,4149050057.462307,0.5
2024-10-26 08:00:03,0.14394270346324917,984,4161405658.424576,0.5
2024-10-27 08:00:03,0.1454141042142046,962,4154671300.84697,0.5
2024-10-28 08:00:03,0.14631872942892546,951,4154130805.536315,0.5
2024-10-29 08:00:02,0.14605713391452402,988,4157589869.814361,0.5
2024-10-30 08:00:03,0.14567785807721287,1048,4172438305.637094,0.5
2024-10-31 08:00:03,0.14631173893214067,1070,4176551671.857027,0.5
2024-11-01 08:00:03,0.14675220309568393,1046,4177898844.103695,0.5
2024-11-02 08:00:03,0.12956434419104756,1030,4682779115.06259,0.5
2024-11-03 08:00:03,0.1815277433439072,1039,4684176137.7101145,0.5
2024-11-04 08:00:03,0.17855989399479372,1038,4727873088.222745,0.5
2024-11-05 08:00:02,0.1825355854984004,1021,4732288247.099497,0.5
2024-11-06 08:00:02,0.1944422124663971,957,4423649517.528928,0.5
2024-11-07 08:00:03,0.09509133662224512,802,3383304621.608969,0.5
2024-11-08 08:00:02,0.12064516888992984,692,3152573373.612168,0.5
2024-11-09 08:00:03,0.13263022032430355,702,3178167116.282392,0.5
2024-11-10 08:00:02,0.13173383774117162,680,3157282863.119415,0.5
2024-11-11 08:00:02,0.132502628720386,664,3068267541.072884,0.5
2024-11-12 08:00:02,0.13428089464118725,657,2984329389.371937,0.5
2024-11-13 08:00:03,0.16412156682235465,655,2462926514.61605,0.5
2024-11-14 08:00:03,0.15662204414737096,670,2468320462.284648,0.5
2024-11-15 08:00:03,0.15968089114250444,692,2412415089.977251,0.5
2024-11-16 08:00:03,0.15931902422783775,656,2486240131.61551,0.5
2024-11-17 08:00:03,0.1621784182566981,648,2483165263.9314,0.5
2024-11-18 08:00:03,0.1612472130574408,642,2483001745.92288,0.5
2024-11-19 08:00:03,0.15859450959017588,665,2494042314.322918,0.5
2024-11-20 08:00:03,0.15845669408662622,685,2491482390.211994,0.5
2024-11-21 08:00:03,0.15884148055345626,686,2486650633.372296,0.5
2024-11-22 08:00:03,0.1598880153610857,705,2487776975.0606318,0.5
2024-11-23 08:00:04,0.16026267034195507,691,2472405364.042193,0.5
2024-11-24 08:00:03,0.16018682718291655,644,2474544774.438598,0.5
2024-11-25 08:00:03,0.1568944963156339,622,2473592584.785538,0.5
2024-11-26 08:00:04,0.15270576387879733,632,2475566993.6033,0.5
2024-11-27 08:00:03,0.1441893076411316,622,2468713885.046771,0.5
2024-11-28 08:00:03,0.14577639725319572,613,2409444977.647582,0.5
2024-11-29 08:00:04,0.14661665785499184,600,2408527286.749383,0.5
2024-11-30 08:00:03,0.14580844139895383,584,2362832351.794888,0.5
2024-12-01 08:00:03,0.14562558666191933,566,2324686784.154359,0.5
2024-12-02 08:00:03,0.1422594335222982,541,2279528077.165486,0.5
2024-12-03 08:00:03,0.1406198911261771,540,2270829688.391772,0.5
2024-12-04 08:00:03,0.1460215750802205,544,2272909694.4992537,0.5
2024-12-05 08:00:03,0.14627948427405352,539,2234886738.106122,0.5
2024-12-06 08:00:03,0.15843932719796955,526,1976881287.613613,0.5
2024-12-07 08:00:03,0.1614656431894024,509,1984933599.7693639,0.5
2024-12-08 08:00:03,0.16050656288459533,504,1984418882.887641,0.5
2024-12-09 08:00:02,0.1596073135410075,494,1974804987.878463,0.5
2024-12-10 08:00:03,0.15695788258027737,500,1976513303.106037,0.5
2024-12-11 08:00:03,0.15141299501671338,498,1974483302.747583,0.5
2024-12-12 08:00:03,0.15267048746930234,513,1919957810.165789,0.5
2024-12-13 08:00:03,0.14946617107739896,531,1945023957.791369,0.5
2024-12-14 08:00:03,0.15129004214743833,536,1944281371.722434,0.5
2024-12-15 08:00:03,0.15108781743688604,531,1944046360.320505,0.5
2024-12-16 08:00:03,0.15101746024918516,531,1944046360.320505,0.5
2024-12-17 08:00:04,0.15175441565831677,549,1950812746.281678,0.5
2024-12-18 08:00:03,0.15215299767005583,526,1909813914.218937,0.5
2024-12-19 08:00:03,0.17725341176711992,455,1696017898.712621,0.5
2024-12-20 08:00:04,0.18444248840774713,471,1699531445.32085,0.5
2024-12-21 08:00:03,0.18857990071964198,461,1705785538.773769,0.5
2024-12-22 08:00:04,0.17452235772301322,453,1705144040.892092,0.5
2024-12-23 08:00:04,0.17556645092644424,453,1705144040.892092,0.5
2024-12-24 08:00:03,0.17124013451806966,453,1711294958.492557,0.5
2024-12-25 08:00:03,0.16723539055350722,453,1711294958.492557,0.5
2024-12-26 08:00:04,0.1601400920206785,451,1656131156.224166,0.5
2024-12-27 08:00:03,0.15872155444689814,459,1662925228.034744,0.5
2024-12-28 08:00:03,0.15508530091642886,459,1661961292.235355,0.5
2024-12-29 08:00:03,0.15102511973638613,458,1661943248.148136,0.5
2024-12-30 08:00:03,0.14777229541486908,479,1689865474.815652,0.5
2024-12-31 08:00:04,0.1488554076388644,526,1741243291.5586429,0.5
2025-01-01 08:00:04,0.14487004087664287,550,1750325482.3234699,0.5
2025-01-02 08:00:03,0.1477081492486243,446,1627849273.518074,0.5
2025-01-03 08:00:04,0.14309881978981548,476,1659325474.691701,0.5
2025-01-04 08:00:03,0.16532123882964983,447,1466479105.3316178,0.5
2025-01-05 08:00:03,0.1729872622731451,444,1466455784.67046,0.5
2025-01-06 08:00:03,0.17369736794311014,457,1469786834.054618,0.5
2025-01-07 08:00:04,0.17514847662480243,468,1473198421.0998359,0.5
2025-01-08 08:00:03,0.17730187246821294,491,1479558250.41857,0.5
2025-01-09 08:00:03,0.17932180879334877,512,1493749229.376114,0.5
2025-01-10 08:00:04,0.17222496341907653,516,1495362140.448958,0.5
2025-01-11 08:00:04,0.16467143487836858,528,1502285748.070662,0.5
2025-01-12 08:00:04,0.1646068254488241,527,1502158399.879866,0.5
2025-01-13 08:00:04,0.1613044040703655,527,1502158399.879866,0.5
2025-01-14 08:00:03,0.1604931966764961,543,1500532087.604827,0.5
2025-01-15 08:00:03,0.1628470663471904,575,1507759774.196955,0.5
2025-01-16 08:00:04,0.16075094456093636,607,1515507477.547813,0.5
2025-01-17 08:00:04,0.16304241111894224,617,1518761368.042518,0.5
2025-01-18 08:00:04,0.1547427399637065,627,1525304398.52862,0.5
2025-01-19 08:00:04,0.15454490376034882,633,1545750397.9153779,0.5
2025-01-20 08:00:04,0.14238534048258356,628,1544339423.452628,0.5
2025-01-21 08:00:03,0.1686048188185017,555,1005885569.583264,0.5
2025-01-22 08:00:03,0.17543002181989867,561,912079079.520776,0.5
2025-01-23 08:00:04,0.21493308557274204,525,725906297.659071,0.5
2025-01-24 08:00:03,0.19762580849933614,566,826517502.479784,0.5
2025-01-25 08:00:05,0.22581225466839575,578,832310318.337218,0.5
2025-01-26 08:00:04,0.23481612328555673,557,813712941.010737,0.5
2025-01-27 08:00:04,0.23297411139704466,547,813647890.669549,0.5
2025-01-28 08:00:04,0.22854724097785295,562,814612409.702956,0.5
2025-01-29 08:00:04,0.21862163937197093,564,815447327.808225,0.5
2025-01-30 08:00:05,0.2727098523057262,585,631412132.744356,0.5
2025-01-31 08:00:04,0.2683661534276329,599,634327762.449054,0.5
2025-02-01 08:00:05,0.2532604978452492,637,666867827.196521,0.5
2025-02-02 08:00:04,0.2780173002340547,593,632809090.900033,0.5
2025-02-03 08:00:05,0.270964968285286,609,639560193.640293,0.5
2025-02-04 08:00:04,0.27144513291342665,610,645401150.219142,0.5
2025-02-05 08:00:04,0.27113766176292253,624,644360779.082208,0.5
2025-02-06 08:00:05,0.2813536108780767,620,631085254.030402,0.5
2025-02-07 08:00:04,0.2769532828672304,646,643848553.0693,0.5
2025-02-08 08:00:04,0.23401513557836315,663,746189548.276513,0.5
2025-02-09 08:00:06,0.27547307121804765,672,745825100.675022,0.5
2025-02-10 08:00:05,0.27235011908034684,670,743879921.948118,0.5
2025-02-11 08:00:04,0.27050776114950703,683,745545355.73382,0.5
2025-02-12 08:00:04,0.26731054900388135,699,747278267.984426,0.5
2025-02-13 08:00:04,0.261726016483439,677,738861861.025485,0.5
2025-02-14 08:00:05,0.2660547539000071,654,730965599.100041,0.5
2025-02-15 08:00:04,0.2595702898470754,666,729129636.676525,0.5
2025-02-16 08:00:04,0.26046511866052147,683,734117852.842985,0.5
2025-02-17 08:00:04,0.26502143771887454,682,733749679.066902,0.5
2025-02-18 08:00:04,0.2611498484007436,680,736218600.528657,0.5
2025-02-19 08:00:04,0.2543719056298605,682,736355691.116684,0.5
2025-02-20 08:00:04,0.24927622811805306,714,745114174.027931,0.5
2025-02-21 08:00:05,0.25637202712559687,708,744927500.089807,0.5
2025-02-22 08:00:05,0.26690948860085195,708,733352695.28366,0.5
2025-02-23 08:00:04,0.26468382951279246,709,734280105.4956189,0.5
2025-02-24 08:00:04,0.26525010524913784,709,734756368.693001,0.5
2025-02-25 08:00:04,0.26080541766893806,741,737487361.172997,0.5
2025-02-26 08:00:05,0.2630689961127212,759,737767475.920449,0.5
2025-02-27 08:00:05,0.2601460588634173,800,735520338.621137,0.5
2025-02-28 08:00:05,0.2565719772563171,818,746295288.178272,0.5
2025-03-01 08:00:05,0.254670612869679,832,760591805.876918,0.5
2025-03-02 08:00:05,0.2690926756563091,781,742219495.710515,0.5
2025-03-03 08:00:05,0.2768054458741873,762,739276125.704574,0.5
2025-03-04 08:00:05,0.2770494059927863,799,736320684.474798,0.5
2025-03-05 08:00:04,0.2768781842623156,813,747027885.577399,0.5
2025-03-06 08:00:05,0.2838637872371822,787,743849152.053531,0.5
2025-03-07 08:00:05,0.28471433666491835,792,744903308.646953,0.5
2025-03-08 08:00:05,0.27635411656450826,786,732098837.095838,0.5
2025-03-09 08:00:05,0.27336926570042575,770,731273701.244338,0.5
2025-03-10 08:00:04,0.27356464935627395,764,729684433.84006,0.5
2025-03-11 08:00:05,0.2725394224427863,769,728514518.353057,0.5
2025-03-12 08:00:05,0.27808040019764574,772,726988725.219985,0.5
2025-03-13 08:00:06,0.28132917013958586,761,722310216.712848,0.5
2025-03-14 08:00:05,0.27326905256028455,768,725285299.490002,0.5
2025-03-15 08:00:04,0.2695920939712497,761,723302933.403868,0.5
2025-03-16 08:00:04,0.26199507733598093,753,720695720.086888,0.5
2025-03-17 08:00:04,0.26005195371596246,746,721434213.650019,0.5
2025-03-18 08:00:05,0.2602027429033075,764,716702449.357552,0.5
2025-03-19 08:00:05,0.2488290573432863,786,723189911.15147,0.5
2025-03-20 08:00:05,0.2695995190618532,810,644080405.073625,0.5
2025-03-21 08:00:05,0.26581367124118827,803,643827972.55764,0.5
2025-03-22 08:00:06,0.2596679098302223,814,646731787.964746,0.5
2025-03-23 08:00:06,0.26520443501686897,804,640032749.171677,0.5
2025-03-24 08:00:05,0.26157765555525603,795,639596032.803688,0.5
2025-03-25 08:00:06,0.25642342948361974,801,641267021.608308,0.5
2025-03-26 08:00:05,0.2541694486857386,807,632872856.14652,0.5
2025-03-27 08:00:06,0.2508834842032135,827,637112341.362263,0.5
2025-03-28 08:00:06,0.24571792243845958,858,638968134.235569,0.5
2025-03-29 08:00:06,0.2437466611286635,888,638995474.268756,0.5
2025-03-30 08:00:06,0.24415231446964886,875,632786827.292871,0.5
2025-03-31 08:00:05,0.24290604603902255,873,632778622.292957,0.5
2025-04-01 08:00:05,0.23042617371798624,879,650520814.043042,0.5
2025-04-02 08:00:06,0.25979966460795073,772,603751636.173463,0.5
2025-04-03 08:00:05,0.2614558900212377,755,603350171.298066,0.5
2025-04-04 08:00:05,0.25078022795494465,746,611943135.366646,0.5
2025-04-05 08:00:05,0.24261777623608868,757,665072829.137279,0.5
2025-04-06 08:00:05,0.264786583222199,745,664894767.860686,0.5
2025-04-07 08:00:06,0.2724038084761797,745,664894767.860686,0.5
2025-04-08 08:00:06,0.2701640705964312,789,668841788.376048,0.5
2025-04-09 08:00:06,0.2659821511395476,821,675191246.841539,0.5
2025-04-10 08:00:05,0.26270130071150044,869,675347869.646782,0.5
2025-04-11 08:00:05,0.2650071363616662,829,673926653.580395,0.5
2025-04-12 08:00:06,0.2606457386723131,844,673647822.215343,0.5
2025-04-13 08:00:05,0.24785680373597624,842,672823203.101608,0.5
2025-04-14 08:00:05,0.24803754798567204,833,672484287.235936,0.5
2025-04-15 08:00:05,0.23810569784994415,877,688602581.839282,0.5
2025-04-16 08:00:05,0.24310863386053025,875,688860794.761547,0.5
2025-04-17 08:00:06,0.2418494195612651,876,678085963.34811,0.5
2025-04-18 08:00:04,0.24285859394101278,900,680200787.978263,0.5
2025-04-19 08:00:06,0.24060225116376138,939,682981494.396722,0.5
2025-04-20 08:00:06,0.2396438350980934,924,682234434.587921,0.5
2025-04-21 08:00:06,0.23792209398540723,919,680583513.480733,0.5
2025-04-22 08:00:06,0.23906050372815182,915,680316905.0381349,0.5
2025-04-23 08:00:07,0.23803635365260195,933,681380930.563086,0.5
2025-04-24 08:00:06,0.2350707408560857,932,681777021.4759539,0.5
2025-04-25 08:00:06,0.24990843170804494,935,625542770.059163,0.5
2025-04-26 08:00:06,0.2456197895306619,953,635517197.1252999,0.5
2025-04-27 08:00:05,0.25498500003166685,940,634788756.965277,0.5
2025-04-28 08:00:05,0.24987254697187788,939,634774018.041877,0.5
2025-04-29 08:00:05,0.24987153139365625,946,635046699.586238,0.5
2025-04-30 08:00:06,0.2350356512537285,956,636021184.768422,0.5
2025-05-01 08:00:06,0.24076352079674704,866,583744234.157856,0.5
2025-05-02 08:00:06,0.24820717762013245,780,560605670.449035,0.5
2025-05-03 08:00:06,0.23338002091624213,800,551662630.028083,0.5
2025-05-04 08:00:05,0.23248691292489002,787,550729448.037569,0.5
2025-05-05 08:00:05,0.2336155051343664,780,541749234.9089789,0.5
2025-05-06 08:00:06,0.2292526309040448,794,542384059.983313,0.5
2025-05-07 08:00:05,0.22992446400930094,791,538587924.315985,0.5
2025-05-08 08:00:06,0.25032367970230407,772,450930530.17321,0.5
2025-05-09 08:00:07,0.2474624858073446,764,450177685.946585,0.5
2025-05-10 08:00:06,0.24528900119002153,771,450658685.593738,0.5
2025-05-11 08:00:06,0.25141604251583993,785,450073633.009749,0.5
2025-05-12 08:00:06,0.25050817154314375,783,450044786.712177,0.5
2025-05-13 08:00:06,0.24055182465315467,811,446779924.225601,0.5
2025-05-14 08:00:07,0.24208608257070052,811,447055946.21003497,0.5
2025-05-15 08:00:07,0.23924186008059312,804,446827700.161345,0.5
2025-05-16 08:00:06,0.23564853192307034,786,446760696.246541,0.5
2025-05-17 08:00:07,0.22796358490878377,809,446003038.530405,0.5
2025-05-18 08:00:06,0.2366451830129703,797,444538290.398198,0.5
2025-05-19 08:00:06,0.22866132293495317,798,444652493.71461,0.5
2025-05-20 08:00:06,0.2269016110185405,825,445277854.09089303,0.5
2025-05-21 08:00:06,0.21671230394777252,844,446229214.377887,0.5
2025-05-22 08:00:07,0.21023771458137977,847,449508510.783043,0.5
2025-05-23 08:00:07,0.20686863809747436,856,448231229.717053,0.5
2025-05-24 08:00:07,0.20422740122406213,869,449936552.164874,0.5
2025-05-25 08:00:06,0.20541391809367643,857,449754576.682237,0.5
2025-05-26 08:00:07,0.2040821044303,851,449554277.958899,0.5
2025-05-27 08:00:06,0.19887115186519078,848,449782646.441002,0.5
2025-05-28 08:00:06,0.18966056695329198,878,451388161.265134,0.5
2025-05-29 08:00:07,0.19281812517941843,882,451161393.084279,0.5
2025-05-30 08:00:07,0.19085254363600535,885,450280909.591924,0.5
2025-05-31 08:00:07,0.1834343195098761,902,460136956.127064,0.5
2025-06-01 08:00:07,0.19159878398060354,885,460328134.839764,0.5
2025-06-02 08:00:06,0.194292667898384,836,434060053.512956,0.5
2025-06-03 08:00:07,0.19163401977369907,856,434827855.485075,0.5
2025-06-04 08:00:06,0.1995147057077869,854,387730421.398449,0.5
2025-06-05 08:00:06,0.2014967797120375,851,387361662.649644,0.5
2025-06-06 08:00:06,0.1963698605464665,842,388566017.447211,0.5
2025-06-07 08:00:07,0.18438698681028365,845,389089177.05223,0.5
2025-06-08 08:00:07,0.19001445993521324,836,388588852.14657,0.5
2025-06-09 08:00:07,0.18847332915165974,837,388615593.756814,0.5
2025-06-10 08:00:06,0.1966784140966149,859,390766483.931821,0.5
2025-06-11 08:00:07,0.1952563510894417,884,384718256.419198,0.5
2025-06-12 08:00:07,0.2002125337676408,867,387345895.667508,0.5
2025-06-13 08:00:07,0.2057203710450807,906,387419603.006976,0.5
2025-06-14 08:00:08,0.19706889552792456,929,377834986.391786,0.5
2025-06-15 08:00:08,0.2012418743642906,911,373839781.908942,0.5
2025-06-15 18:55:07,0.29457132925257895,1,21865.209969,0.5
2025-06-15 19:03:07,0.3442459188913497,1,34380.605962,0.5
2025-06-15 19:18:07,0.2823395850961429,2,965479.40805,0.5
2025-06-15 19:19:06,0.0747066917847685,1,634102.402281,0.5
2025-06-15 19:34:06,0.3476079175282788,1,176467.29077,0.5
2025-06-15 19:41:07,0.23705340333252645,1,49052.296075,0.5
2025-06-15 19:43:07,0.2696244834611373,1,28244.187167,0.5
2025-06-15 19:44:08,0.40598555177326884,1,23857.734256,0.5
2025-06-15 19:55:06,0.16576125200052214,1,19738.5854,0.5
2025-06-15 20:02:07,0.020085786488882026,1,2014.804999,0.5
2025-06-15 20:07:06,0.5279908763887421,1,11999.210339,0.5
2025-06-15 20:13:07,0.10193443444730027,1,2495.740465,0.5
2025-06-15 20:19:07,0.2619029766839528,1,1635559.961046,0.5
2025-06-15 20:26:07,0.5026804068383736,1,498933.902868,0.5
2025-06-15 20:29:06,0.06154723592791046,1,19930.896603,0.5
2025-06-15 20:31:07,0.4452221829992596,1,7365002.813685,0.5
2025-06-15 20:36:07,0.3737053532808138,1,15620.430464,0.5
2025-06-15 20:50:08,0.28758626962414807,1,30241.169986,0.5
2025-06-15 20:54:07,0.3076879281162873,1,4375.25691,0.5
2025-06-15 20:59:07,0.22952915430213927,1,385043.933563,0.5
2025-06-15 21:00:07,0.008436645743541634,1,120312.115519,0.5
2025-06-15 21:01:07,0.31817067323835185,1,1658171.106276,0.5
2025-06-15 21:10:07,0.49396372484159656,1,601.084607,0.5
2025-06-15 21:35:06,0.06588325223485754,2,161991.610745,0.5
2025-06-15 21:38:08,0.06414199159924602,1,12636.81208,0.5
2025-06-15 21:41:07,0.1962984066127103,1,227814.640027,0.5
2025-06-15 21:48:06,0.17382679549057076,1,30438.263303,0.5
2025-06-15 21:49:06,0.48359136996563684,1,11400.307164,0.5
2025-06-15 22:11:06,0.3240911606524907,1,10321.359506,0.5
2025-06-15 22:18:08,0.2914187114625479,1,569145.660235,0.5
2025-06-15 22:30:06,0.03692954616689705,1,40.0,0.5
2025-06-15 22:31:07,0.46490860810699486,1,212152.434245,0.5
2025-06-15 22:34:07,0.48728796784681966,1,19610.671148,0.5
2025-06-15 22:43:06,0.1407729796342989,1,7138.874594,0.5
2025-06-15 22:55:07,0.19841098493071552,2,465411.638432,0.5
2025-06-15 23:10:07,0.4407946869463038,1,299288.168615,0.5
2025-06-15 23:14:07,0.4925001847191126,1,120826.00283,0.5
2025-06-15 23:15:06,0.25063797751252137,1,55053.743986,0.5
2025-06-15 23:20:06,0.31661536960654835,1,51027.264907,0.5
2025-06-15 23:31:06,0.10692960154292072,1,39788.228127,0.5
2025-06-15 23:36:07,0.02649420585308859,1,153651.867287,0.5
2025-06-15 23:50:06,0.3604846282547687,1,173667.539192,0.5
2025-06-15 23:52:06,0.009453460175948114,2,2350956.894196,0.5
2025-06-15 23:55:06,0.21082345821952606,1,3772.5839,0.5
2025-06-16 00:01:07,0.13329561215195948,1,2021.398822,0.5
2025-06-16 00:05:07,0.3170829795313805,2,113790.760716,0.5
2025-06-16 00:21:06,0.4616056517732688,1,107059.130883,0.5
2025-06-16 00:30:07,0.13861131689558054,1,856.74,0.5
2025-06-16 00:32:07,0.4205956603735782,1,2994.315726,0.5
2025-06-16 00:47:07,0.2745964419124677,1,165604.889711,0.5
2025-06-16 00:49:06,0.16248712118629008,1,3976.611784,0.5
2025-06-16 00:51:07,0.14344178982129602,1,4257.717626,0.5
2025-06-16 00:57:08,0.024974886124817342,1,136619.34192,0.5
2025-06-16 01:00:07,0.48853545772214513,1,146366.800214,0.5
2025-06-16 01:05:06,0.15676968937028374,2,312516.410397,0.5
2025-06-16 01:12:07,0.01711110347530303,1,3638127.299118,0.5
2025-06-16 01:13:07,0.16032258153844375,1,971.236496,0.5
2025-06-16 01:14:06,0.4948270659812314,1,436715.761417,0.5
2025-06-16 01:17:07,0.5107477430867347,1,583779.794464,0.5
2025-06-16 01:21:07,0.16573004746067646,1,295900.176057,0.5
2025-06-16 01:22:07,0.004557029647915836,1,4712.849141,0.5
2025-06-16 01:30:07,0.24805874741990372,1,6336.402282,0.5
2025-06-16 01:34:07,0.38454693571752047,1,142772.080174,0.5
2025-06-16 01:43:07,0.26095295312624317,2,13779.302566999999,0.5
2025-06-16 01:44:07,0.1925178420604522,1,135.208325,0.5
2025-06-16 01:56:07,0.2264331627203408,1,128062.174673,0.5
2025-06-16 02:11:06,0.032380479833159025,1,126786.880822,0.5
2025-06-16 02:21:07,0.1480047529011643,1,8088.482654,0.5
2025-06-16 02:28:07,0.1410743141968541,1,95550.531544,0.5
2025-06-16 02:30:07,0.30154365297914637,1,12052.498329,0.5
2025-06-16 02:46:07,0.0132092926351275,1,121181.569995,0.5
2025-06-16 02:53:07,0.040776830190604525,1,725878.943006,0.5
2025-06-16 02:56:06,0.05302381116935603,1,61559.632581,0.5
2025-06-16 02:59:07,0.11445697224224041,1,4880.677253,0.5
2025-06-16 03:21:06,0.24582250162037445,2,1574762.589069,0.5
2025-06-16 03:23:07,0.062005990793354296,1,1374164.092376,0.5
2025-06-16 03:37:06,0.029877842435242392,2,60241.103049000005,0.5
2025-06-16 03:40:07,0.20731282216442168,1,72072.80048,0.5
2025-06-16 03:51:06,0.5309464820015669,1,1411.544581,0.5
2025-06-16 03:55:07,0.06861515677385639,1,157432.734879,0.5
2025-06-16 04:04:06,0.10509002671117189,1,326574.120218,0.5
2025-06-16 04:05:07,0.04064959184364823,1,3411.299054,0.5
2025-06-16 04:08:07,0.24268603057969818,1,2067.515297,0.5
2025-06-16 04:15:06,0.08832411337794842,1,2291.656149,0.5
2025-06-16 04:23:08,0.0931881445780652,1,1000113.138498,0.5
2025-06-16 04:29:07,0.09917478726063483,1,38018.939498,0.5
2025-06-16 04:37:07,0.04686904985437263,1,48223.703488,0.5
2025-06-16 04:48:08,0.4570824319452376,1,322752.327914,0.5
2025-06-16 04:49:07,0.3492557199864173,1,94272.721486,0.5
2025-06-16 04:50:06,0.054395959958158095,1,5568.685567,0.5
2025-06-16 04:52:07,0.049978361944258955,2,160532.033857,0.5
2025-06-16 04:58:07,0.1602573527125791,1,20106.301115,0.5
2025-06-16 05:11:06,0.20453583844816758,1,33358.267912,0.5
2025-06-16 05:14:06,0.1443081311058016,1,184035.662285,0.5
2025-06-16 05:15:07,0.17584064405030667,1,13708.57673,0.5
2025-06-16 05:19:06,0.5181615374184175,1,45541.622136,0.5
2025-06-16 05:23:06,0.2785305331470636,1,6643.131694,0.5
2025-06-16 05:26:06,0.3499710925139945,1,11439.307767,0.5
2025-06-16 05:28:07,0.024918003664920724,1,60665.030309,0.5
2025-06-16 05:29:06,0.4740699539434454,1,61472.732808,0.5
2025-06-16 05:38:06,0.3608894058214279,1,5483.508556,0.5
2025-06-16 05:41:06,0.2587635374244523,1,75335.143567,0.5
2025-06-16 05:42:06,0.043763318570626195,1,3851.046935,0.5
2025-06-16 05:48:06,0.08922965644505017,1,55684.636913,0.5
2025-06-16 06:00:08,0.18460473832881322,1,14434.52825,0.5
2025-06-16 06:06:06,0.27121573286418676,1,1254.164665,0.5
2025-06-16 06:12:07,0.17423783823766212,1,9462.208853,0.5
2025-06-16 06:15:07,0.09558381521513643,1,378938.403754,0.5
2025-06-16 06:23:07,0.3463923123582002,1,71571.681618,0.5
2025-06-16 06:28:07,0.35283485748152876,1,1379853.512189,0.5
2025-06-16 06:36:06,0.17110871511169937,1,1116709.718824,0.5
2025-06-16 06:39:06,0.4227522344300068,1,67344.16312,0.5
2025-06-16 06:49:06,0.2106026918603997,1,13083.348187,0.5
2025-06-16 06:50:07,0.1751254549352934,1,256281.939861,0.5
2025-06-16 06:54:06,0.08150347127091034,1,33.014,0.5
2025-06-16 06:59:06,0.5032171071258922,1,116074.997671,0.5
2025-06-16 07:01:07,0.5098484626877283,1,1063.241768,0.5
2025-06-16 07:11:07,0.38383939185705257,1,104398.401428,0.5
2025-06-16 07:12:08,0.2061445794801099,1,53215.08666,0.5
2025-06-16 07:21:07,0.34447735342614916,1,2720.439356,0.5
2025-06-16 07:27:07,0.1022236685812633,1,3986.598379,0.5
2025-06-16 07:29:07,0.18021717488546524,1,907.074541,0.5
2025-06-16 07:34:06,0.20296169230875288,1,4629.352811,0.5
2025-06-16 07:36:07,0.06693324203719098,1,23364.396086,0.5
2025-06-16 07:41:07,0.4419274343610887,1,117080.697253,0.5
2025-06-16 07:57:07,0.26492855054530445,1,26543.460944,0.5
2025-06-16 07:59:07,0.37969693571752045,1,3948.133373,0.5
2025-06-16 08:00:07,0.19272314931021017,767,337669689.265526,0.5
2025-06-16 08:03:06,0.12307914923073472,1,49005.508356,0.5
2025-06-16 08:14:08,0.2309400924551225,1,18176.170444,0.5
2025-06-16 08:27:07,0.34905157844973483,1,11276.491975,0.5
2025-06-16 08:29:07,0.3027264230022463,1,26659.258933,0.5
2025-06-16 08:36:06,0.5047976928216593,1,148066.620652,0.5
2025-06-16 08:42:07,0.03955881811172504,1,29655.600329,0.5
2025-06-16 09:07:07,0.09886620049059877,1,127332.513412,0.5
2025-06-16 09:18:07,0.4492559912232626,2,13575.646444,0.5
2025-06-16 09:19:07,0.02655175596273511,1,25340.143117,0.5
2025-06-16 09:25:07,0.03653873979351525,1,24977.021112,0.5
2025-06-16 09:30:06,0.0694292777620096,1,100117.404472,0.5
2025-06-16 09:37:06,0.04439249446718658,1,8584.940374,0.5
2025-06-16 09:40:06,0.4217859721441693,1,19549.993192,0.5
2025-06-16 09:41:07,0.003889132660894538,1,2723.869794,0.5
2025-06-16 09:42:07,0.10482263485975737,2,39141.37677,0.5
2025-06-16 09:54:07,0.053478745931750477,1,421576.637193,0.5
2025-06-16 09:56:06,0.3294912546953726,2,935665.424886,0.5
2025-06-16 10:02:07,0.0650925902930054,1,2531178.865833,0.5
2025-06-16 10:05:07,0.3041500744136659,1,20837.610539,0.5
2025-06-16 10:13:06,0.078758558474139,1,118164.495259,0.5
2025-06-16 10:16:06,0.06215618237915342,1,60.0,0.5
2025-06-16 10:18:06,0.1009169006210558,1,78636.219344,0.5
2025-06-16 10:20:07,0.014922835041838738,1,225939.906362,0.5
2025-06-16 10:24:07,0.11114971936683211,2,27686.256095,0.5
2025-06-16 10:35:06,0.28206509251399453,1,115575.490019,0.5
2025-06-16 10:41:06,0.19648900103170117,1,2158.131756,0.5
2025-06-16 10:51:07,0.006221121743115834,1,1532.116,0.5
2025-06-16 10:54:07,0.23942318931963968,1,44007.275393,0.5
2025-06-16 11:09:06,0.26593224689449424,1,20009.075449,0.5
2025-06-16 11:15:06,0.2448238698657227,1,26116.016914,0.5
2025-06-16 11:22:07,0.5253814248725686,1,31271.865916,0.5
2025-06-16 11:23:06,0.04956717073352196,1,101278.561057,0.5
2025-06-16 11:25:06,0.04838031574024858,1,80619.890632,0.5
2025-06-16 11:33:07,0.2379808712579074,1,15223.27995,0.5
2025-06-16 11:36:07,0.031812195653363115,1,5936.488792,0.5
2025-06-16 11:39:07,0.14649827897471052,1,4590.023484,0.5
2025-06-16 11:47:07,0.12442132316855209,1,130600.202459,0.5
2025-06-16 11:50:07,0.028804955667320924,1,1304174.705859,0.5
2025-06-16 11:51:06,0.09157904624332924,1,1146501.321973,0.5
2025-06-16 11:52:06,0.4649990689846268,1,174759.551979,0.5
2025-06-16 11:54:07,0.3098892726939407,1,11958.325941,0.5
2025-06-16 11:59:07,0.13288418621965756,1,54045.020055,0.5
2025-06-16 12:01:07,0.11696858250979154,1,5512.015049,0.5
2025-06-16 12:02:07,0.17485939159133063,1,20831.121361,0.5
2025-06-16 12:03:07,0.1745982074953765,1,98572.236708,0.5
2025-06-16 12:12:06,0.11052880782701624,1,84269.360753,0.5
2025-06-16 12:16:06,0.03606269218089764,1,95658.993737,0.5
2025-06-16 12:26:06,0.04300365572260354,1,2910536.375904,0.5
2025-06-16 12:31:07,0.015060562730265872,1,432107.201918,0.5
2025-06-16 12:34:06,0.47593013288285424,1,141006.034909,0.5
2025-06-16 12:43:06,0.1522479195052031,1,3774.65541,0.5
2025-06-16 12:51:06,0.4223141297424797,1,207408.253375,0.5
2025-06-16 12:52:06,0.05149183185045371,1,134098.69052,0.5
2025-06-16 13:00:07,0.07125448489635064,1,3255.770017,0.5
2025-06-16 13:02:06,0.42057300815850146,1,796170.711443,0.5
2025-06-16 13:09:06,0.2342966567435886,1,337935.017565,0.5
2025-06-16 13:11:06,0.3236042441057476,1,140957.824013,0.5
2025-06-16 13:18:06,0.04454185445332147,1,44908.043379,0.5
2025-06-16 13:27:06,0.2807829690272851,1,1190452.838754,0.5
2025-06-16 13:38:06,0.337439652783808,1,565016.898969,0.5
2025-06-16 13:40:07,0.13951316954798182,1,151898.014415,0.5
2025-06-16 13:48:07,0.3735953895829938,1,98228.872799,0.5
2025-06-16 13:53:07,0.21154873098811044,1,26402.767461,0.5
2025-06-16 14:01:07,0.44939408396970226,1,17828.883223,0.5
2025-06-16 14:04:06,0.29455869178166527,1,3136.246779,0.5
2025-06-16 14:05:06,0.37260446855478035,1,368458.548678,0.5
2025-06-16 14:13:06,0.29137825465532646,1,242534.965009,0.5
2025-06-16 14:18:07,0.2345696115487756,1,62763.131862,0.5
2025-06-16 14:30:07,0.4564161071264775,1,53082.187713,0.5
2025-06-16 14:34:07,0.3510758034855204,1,9300.748061,0.5
2025-06-16 14:39:07,0.4098115222696489,1,47812.228834,0.5
2025-06-16 14:48:08,0.42006357043789455,1,1271391.032432,0.5
2025-06-16 14:50:08,0.1850677789589811,1,10570.500759,0.5
2025-06-16 14:52:07,0.05466653754693244,1,47356.352944,0.5
2025-06-16 15:01:07,0.018141726692416683,1,3430.039948,0.5
2025-06-16 15:07:07,0.19024076153355796,1,11453.049729,0.5
2025-06-16 15:10:06,0.17304260129798316,1,14666.149683,0.5
2025-06-16 15:11:06,0.208644654137359,1,44116.48738,0.5
2025-06-16 15:13:06,0.08193568250754128,1,50171.266928,0.5
2025-06-16 15:22:07,0.22741358550137503,1,38416.712035,0.5
2025-06-16 15:41:06,0.17417557296484223,2,520300.535531,0.5
2025-06-16 15:52:07,0.3054042939996812,1,1236277.837763,0.5
2025-06-16 15:54:07,0.536608324059316,1,64171.61722,0.5
2025-06-16 15:55:07,0.24147085264557694,2,13006.82083,0.5
2025-06-16 16:09:07,0.028038850461262,1,56290.808954,0.5
2025-06-16 16:18:07,0.48792289016377477,1,3822179.831489,0.5
2025-06-16 16:21:07,0.044384236268958585,1,22748.319894,0.5
2025-06-16 16:25:07,0.052455142569771164,1,130194.602715,0.5
2025-06-16 16:26:07,0.1384715410714402,1,2601.17766,0.5
2025-06-16 16:27:07,0.22212290238864849,1,145660.734797,0.5
2025-06-16 16:31:06,0.416200537710308,1,625107.978588,0.5
2025-06-16 16:32:07,0.2933417050363773,1,504243.899793,0.5
2025-06-16 16:38:06,0.5119356286636649,1,604001.664629,0.5
2025-06-16 16:51:07,0.13160960275898592,1,4362.743564,0.5
2025-06-16 17:01:06,0.056651455438547924,1,4223.044265,0.5
2025-06-16 17:02:07,0.3753866179323731,1,5269.720049,0.5
2025-06-16 17:04:07,0.15408990477481455,1,124433.157159,0.5
2025-06-16 17:08:06,0.14335946215926718,1,11053.780114,0.5
2025-06-16 17:10:08,0.07014335113709802,1,212321.275845,0.5
2025-06-16 17:11:06,0.28170102717481305,1,2343378.572385,0.5
2025-06-16 17:19:07,0.507268713435819,1,161356.417994,0.5
2025-06-16 17:22:07,0.17165442426715374,1,74696.708677,0.5
2025-06-16 17:26:06,0.11406614374833512,1,55.1005,0.5
2025-06-16 17:29:06,0.12859615363712562,1,7043.22072,0.5
2025-06-16 17:32:06,0.2596494190778958,1,10781.47832,0.5
2025-06-16 17:44:07,0.051717292755211745,1,40.0,0.5
2025-06-16 17:52:07,0.4092245547948239,2,911767.0628820001,0.5
2025-06-16 17:55:06,0.2433162120632485,1,9313.604822,0.5
2025-06-16 18:00:07,0.4710462649706123,1,4259.638148,0.5
2025-06-16 18:10:06,0.07158185520157263,1,1948.878665,0.5
2025-06-16 18:36:07,0.10267176719955927,1,332335.314499,0.5
2025-06-16 18:39:07,0.3207058809884828,1,120984.475296,0.5
2025-06-16 18:41:06,0.22744490966402026,1,16482.231963,0.5
2025-06-16 18:51:06,0.13458939519113208,1,19611.665802,0.5
2025-06-16 18:54:07,0.11554190355112277,1,24264.072579,0.5
2025-06-16 18:56:07,0.0031911807665563926,1,1300739.684999,0.5
2025-06-16 18:58:07,0.5426791342110279,1,549732.629687,0.5
2025-06-16 19:03:07,0.4535459998330165,2,175245.174837,0.5
2025-06-16 19:04:07,0.39009731329840375,1,3095.762729,0.5
2025-06-16 19:08:07,0.07092979071101081,1,7356.258173,0.5
2025-06-16 19:12:07,0.17530149187057442,1,203918.205886,0.5
2025-06-16 19:16:07,0.16582787267483637,2,52921.778378,0.5
2025-06-16 19:18:07,0.5049493929463479,1,506613.63052,0.5
2025-06-16 19:29:06,0.3292714334057881,1,1225.245765,0.5
2025-06-16 19:35:07,0.2278646225613202,1,1043834.481109,0.5
2025-06-16 19:37:07,0.003131073950095913,2,2595230.883678,0.5
2025-06-16 19:39:05,0.06290670475459213,1,560405.012018,0.5
2025-06-16 19:42:07,0.22731682287617594,1,9954.172893,0.5
2025-06-16 19:54:07,0.05380426565264312,1,57731.247503,0.5
2025-06-16 19:57:07,0.11180109370791191,1,2325.993665,0.5
2025-06-16 20:01:07,0.021232602136192515,1,4198.678956,0.5
2025-06-16 20:18:07,0.44980234755692644,1,439065.909838,0.5
2025-06-16 20:20:07,0.28707489062204405,1,502298.090598,0.5
2025-06-16 20:25:07,0.01936323990249922,1,138508.249344,0.5
2025-06-16 20:29:06,0.1792012127239707,1,6672.69229,0.5
2025-06-16 20:34:07,0.28660925769979584,1,6221.208596,0.5
2025-06-16 20:39:06,0.05108080995815809,1,4826.726875,0.5
2025-06-16 20:48:07,0.055075251253499845,1,68403.098893,0.5
2025-06-16 20:56:06,0.13370682332351985,1,11899.841887,0.5
2025-06-16 21:05:07,0.47740031519785814,1,4405.191539,0.5
2025-06-16 21:27:07,0.3116405418198237,1,30384.087905,0.5
2025-06-16 21:29:06,0.26578816335605704,1,7835.681021,0.5
2025-06-16 21:36:06,0.08012545763249064,1,70597.842052,0.5
2025-06-16 21:53:06,0.008572301351975134,1,78380.8567,0.5
2025-06-16 21:55:07,0.22823547469011346,1,168324.092419,0.5
2025-06-16 21:56:07,0.07953653486322057,1,451946.23271,0.5
2025-06-16 22:01:07,0.19848916381570436,1,77228.726881,0.5
2025-06-16 22:03:07,0.010575260229925498,1,1420715.742144,0.5
2025-06-16 22:07:07,0.38031228937210976,1,10261.297538,0.5
2025-06-16 22:09:06,0.3743909899656368,1,10718.86624,0.5
2025-06-16 22:10:07,0.13679521935406166,2,26567.372487,0.5
2025-06-16 22:17:06,0.23682708176478884,1,36805.186511,0.5
2025-06-16 22:36:07,0.09146109657453289,1,9028.654029,0.5
2025-06-16 22:40:07,0.09265172061944904,1,56842.604203,0.5
2025-06-16 22:43:06,0.3988838965457968,1,6505.240277,0.5
2025-06-16 22:54:07,0.12281708252288041,1,25866.479485,0.5
2025-06-16 23:10:06,0.2316005019507921,1,175395.994655,0.5
2025-06-16 23:14:06,0.03322897352653443,1,2504309.648238,0.5
2025-06-16 23:18:07,0.15863694758716843,1,23875.506458,0.5
2025-06-16 23:19:07,0.17392794764061328,1,67804.68196,0.5
2025-06-16 23:22:07,0.04424442118064137,1,29691.88255,0.5
2025-06-16 23:26:07,0.017229124823235572,1,158173.062048,0.5
2025-06-16 23:31:07,0.19263669589894725,1,350537.737837,0.5
2025-06-16 23:34:07,0.39753090397733115,1,106670.877707,0.5
2025-06-16 23:41:06,0.15595226905041357,1,2339570.723726,0.5
2025-06-16 23:46:07,0.5240785803089091,2,681032.200438,0.5
2025-06-17 00:02:07,0.2325288499809695,1,13500.414951,0.5
2025-06-17 00:18:07,0.18319630326161185,1,7408.465547,0.5
2025-06-17 00:19:07,0.5132873185023732,1,7732.434653,0.5
2025-06-17 00:32:07,0.026444960352512856,1,4758.130357,0.5
2025-06-17 00:35:07,0.03303700851410946,1,159944.485438,0.5
2025-06-17 00:36:07,0.147719536818598,1,7418.616327,0.5
2025-06-17 00:38:06,0.08691285455203299,1,1843.836305,0.5
2025-06-17 01:00:07,0.11504131174315067,1,31392.789262,0.5
2025-06-17 01:08:07,0.07768377745835627,1,156154.988428,0.5
2025-06-17 01:17:07,0.017015119740911827,1,176156.817508,0.5
2025-06-17 01:20:07,0.46777221406004543,2,483579.097908,0.5
2025-06-17 01:25:08,0.2569201591037973,1,27441.184481,0.5
2025-06-17 01:27:07,0.34006004047926974,1,216252.833094,0.5
2025-06-17 01:47:07,0.10667981054778632,1,165193.951931,0.5
2025-06-17 01:50:08,0.2641567250954752,1,80254.370325,0.5
2025-06-17 01:52:08,0.05264473433583893,1,97982.960727,0.5
2025-06-17 01:53:07,0.16644507240543963,1,206534.276752,0.5
2025-06-17 01:55:07,0.04507900315049751,1,314623.506164,0.5
2025-06-17 01:57:07,0.051690051590480096,1,5504.089635,0.5
2025-06-17 01:58:07,0.076777008624872,1,74169.74795,0.5
2025-06-17 02:10:08,0.2703175392017553,1,101844.238185,0.5
2025-06-17 02:15:08,0.07116898440855055,1,12907.739707,0.5
2025-06-17 02:19:07,0.17371285745850323,1,84972.747411,0.5
2025-06-17 02:48:08,0.20781116380299922,1,1917.767112,0.5
2025-06-17 02:51:08,0.16403442435712853,1,7508.415589,0.5
2025-06-17 02:52:08,0.034754434085895826,1,16600.951843,0.5
2025-06-17 02:55:07,0.01935012010670619,1,870694.32652,0.5
2025-06-17 03:08:07,0.046354563961706584,1,184607.099421,0.5
2025-06-17 03:12:07,0.04016443155504226,1,121640.735954,0.5
2025-06-17 03:24:08,0.4530184604230134,1,216681.612353,0.5
2025-06-17 03:26:07,0.1544637222768541,1,7682.59074,0.5
2025-06-17 03:31:08,0.469689938237407,1,101024.867747,0.5
2025-06-17 03:32:07,0.1804247631130894,1,120.0,0.5
2025-06-17 03:41:07,0.06484541962639395,1,26879.146042,0.5
2025-06-17 03:46:07,0.3870909317891294,1,40575.042451,0.5
2025-06-17 04:00:08,0.13713431138258603,1,504784.148818,0.5
2025-06-17 04:15:08,0.09549529000250968,1,116126.511009,0.5
2025-06-17 04:20:07,0.4284046693197666,1,203871.361111,0.5
2025-06-17 04:25:08,0.22870538942713134,1,135461.712539,0.5
2025-06-17 04:32:07,0.014868494081349576,1,746788.934662,0.5
2025-06-17 04:39:07,0.2540958235946406,1,4277.637385,0.5
2025-06-17 04:40:07,0.35680867102337965,1,163487.921087,0.5
2025-06-17 04:41:08,0.1800765555674796,2,87099.655496,0.5
2025-06-17 04:51:07,0.09176548339937002,1,45738.607572,0.5
2025-06-17 04:59:08,0.4533275093721086,1,15248633.019781,0.5
2025-06-17 05:03:07,0.33226381513237313,1,4374.863786,0.5
2025-06-17 05:07:07,0.13499058359091032,1,27826.916134,0.5
2025-06-17 05:10:07,0.24139993909677387,1,986.23202,0.5
2025-06-17 05:16:08,0.043240072601147636,1,174048.686298,0.5
2025-06-17 05:18:07,0.13300372665263036,1,34932.35126,0.5
2025-06-17 05:19:07,0.2195817383293359,1,29560.552843,0.5
2025-06-17 05:20:07,0.4433857691473079,1,4182.697368,0.5
2025-06-17 05:21:08,0.281670024972683,1,4998.559729,0.5
2025-06-17 05:22:07,0.0843705326971328,1,2650.074131,0.5
2025-06-17 05:23:07,0.034382174466613395,1,26301.775221,0.5
2025-06-17 05:25:07,0.1881169294309628,1,99797.18221,0.5
2025-06-17 05:26:07,0.07429117218169515,1,62693.713438,0.5
2025-06-17 05:32:08,0.4333270712791664,1,3137.738267,0.5
2025-06-17 05:37:07,0.2300406764547485,1,1454.9989,0.5
2025-06-17 05:48:07,0.2862416777805128,1,991385.884479,0.5
2025-06-17 05:50:08,0.5107116242020308,1,4162.190516,0.5
2025-06-17 05:59:07,0.1564432307726709,1,2859.046004,0.5
2025-06-17 06:13:06,0.27965968793982987,1,2143.290752,0.5
2025-06-17 06:19:07,0.004056129647915836,1,9080.88911,0.5
2025-06-17 06:21:06,0.26513618211759826,2,375938.283466,0.5
2025-06-17 06:25:08,0.02378604736478777,1,118090.556886,0.5
2025-06-17 06:44:07,0.5666840035851844,1,35.243831,0.5
2025-06-17 07:04:07,0.4905401372847329,1,522091.883683,0.5
2025-06-17 07:05:08,0.23363497565021177,1,92875.034065,0.5
2025-06-17 07:13:07,0.3691546077979755,1,1296227.186202,0.5
2025-06-17 07:14:08,0.2540307480726212,1,170576.210558,0.5
2025-06-17 07:18:07,0.44185316774870276,1,6921494.45747,0.5
2025-06-17 07:22:07,0.11192225138040884,1,439533.85086,0.5
2025-06-17 07:24:07,0.4583803539922818,2,284511.784033,0.5
2025-06-17 07:26:07,0.05706814479534803,1,8918.93449,0.5
2025-06-17 07:44:07,0.1872002474535599,1,158978.271439,0.5
2025-06-17 07:55:08,0.13781823593348816,1,124211.879286,0.5
2025-06-17 08:00:08,0.1604361714319404,502,255952833.742454,0.5
2025-06-17 08:05:07,0.21740994811492875,1,27955.261496,0.5
2025-06-17 08:10:07,0.010643555647915836,1,16771.2,0.5
2025-06-17 08:15:07,0.0472217995138644,1,26278.654813,0.5
2025-06-17 08:20:08,0.1017399810783313,1,4729.53837,0.5
2025-06-17 08:22:08,0.30728552779764584,2,445003.643841,0.5
2025-06-17 08:24:07,0.1773789423272338,1,31986.25999,0.5
2025-06-17 08:28:07,0.3280534289624374,1,241019.037021,0.5
2025-06-17 08:29:07,0.09903953444905023,1,1559544.099628,0.5
2025-06-17 08:38:07,0.27024999445492687,1,9451.206509,0.5
2025-06-17 08:43:07,0.4916277393865744,1,2010224.407265,0.5
2025-06-17 08:47:07,0.13565356175227694,1,42037.813664,0.5
2025-06-17 08:55:07,0.573354053828106,1,28507.307669,0.5
2025-06-17 08:56:07,0.035254311193944725,1,2177808.422135,0.5
2025-06-17 08:59:07,0.16583774668796417,2,210264.652486,0.5
2025-06-17 09:02:07,0.0271434196667844,1,30874.880714,0.5
2025-06-17 09:06:07,0.5204115911630249,1,183718.593366,0.5
2025-06-17 09:13:08,0.5160303107701426,1,58771.597452,0.5
2025-06-17 09:15:08,0.5823777235851845,1,582.804126,0.5
2025-06-17 09:16:08,0.12945376249072552,1,593.772769,0.5
2025-06-17 09:18:08,0.1827284823104681,1,43889.140355,0.5
2025-06-17 09:22:07,0.09874645503199853,2,66783.278196,0.5
2025-06-17 09:23:08,0.06481092839683433,1,128919.246944,0.5
2025-06-17 09:36:07,0.2811178396440969,1,1874.843582,0.5
2025-06-17 09:47:07,0.074987099629864,1,59131.361004,0.5
2025-06-17 09:50:08,0.05451728067814476,1,23361.301447,0.5
2025-06-17 10:10:08,0.3515803226562281,1,5837.55474,0.5
2025-06-17 10:34:08,0.2698717158446192,1,48243.413195,0.5
2025-06-17 10:35:08,0.0031308736625654076,1,1199002.124481,0.5
2025-06-17 10:39:08,0.5040845873430579,1,164253.115116,0.5
2025-06-17 10:41:07,0.049530507264006075,1,310520.876008,0.5
2025-06-17 10:53:07,0.12215149654678817,1,116758.452044,0.5
2025-06-17 10:56:07,0.024728048522345406,1,302901.739388,0.5
2025-06-17 11:00:07,0.46025945934609336,1,136900.875359,0.5
2025-06-17 11:05:07,0.017170307859536403,1,57515.331213,0.5
2025-06-17 11:06:07,0.5117336676579735,1,20623.869313,0.5
2025-06-17 11:09:08,0.2758066562673025,1,810707.714553,0.5
2025-06-17 11:13:08,0.10129514768904098,1,18935.661672,0.5
2025-06-17 11:22:08,0.008642248114316497,1,46514.416185,0.5
2025-06-17 11:36:07,0.10759886391859923,1,57330.299405,0.5
2025-06-17 11:41:07,0.280333679082264,1,58787.384297,0.5
2025-06-17 11:42:06,0.11349966893716779,1,562119.489655,0.5
2025-06-17 11:48:06,0.16843189499233369,1,844.300201,0.5
2025-06-17 11:52:07,0.029065857298511504,1,18243.81973,0.5
2025-06-17 11:54:07,0.4219356466195246,1,176496.840214,0.5
2025-06-17 11:59:07,0.035067715193235205,1,30006.705551,0.5
2025-06-17 12:18:07,0.2235045695983643,2,403264.251961,0.5
2025-06-17 12:20:08,0.24345937104055126,1,1485.546209,0.5
2025-06-17 12:23:08,0.32226434362441203,1,8410.956151,0.5
2025-06-17 12:24:08,0.30277029254144,1,39671.695322,0.5
2025-06-17 12:32:07,0.02998940757879004,1,30020.919297,0.5
2025-06-17 12:34:08,0.3624873723582002,1,255556.445568,0.5
2025-06-17 12:44:08,0.4238720969557926,1,9377.863608,0.5
2025-06-17 12:47:07,0.3242686011944404,1,575197.996895,0.5
2025-06-17 12:53:08,0.10541525870775525,1,562320.955294,0.5
2025-06-17 12:56:08,0.404178285942446,1,11698977.835879,0.5
2025-06-17 12:59:06,0.33132846404967403,1,11176.486804,0.5
2025-06-17 13:05:08,0.20362953278282417,1,7140.515937,0.5
2025-06-17 13:10:07,0.003166521405744006,1,734190.537638,0.5
2025-06-17 13:11:07,0.09254881210161639,1,43801.634144,0.5
2025-06-17 13:12:08,0.4332494085379955,2,89323.358856,0.5
2025-06-17 13:26:07,0.2287637649522012,1,6181.259192,0.5
2025-06-17 13:27:08,0.39579178578768115,1,21082.861562,0.5
2025-06-17 13:31:07,0.1447691321588139,1,7512.36,0.5
2025-06-17 13:39:06,0.0992300621125192,2,254352.519964,0.5
2025-06-17 13:40:06,0.2195106719914406,1,2664.643402,0.5
2025-06-17 13:46:07,0.08824021320027345,2,16231855.87642,0.5
2025-06-17 13:52:08,0.14392770559664095,1,326453.166361,0.5
2025-06-17 13:56:08,0.10940789635413146,1,26532.993632,0.5
2025-06-17 14:04:07,0.41494984538777835,1,332549.076257,0.5
2025-06-17 14:07:07,0.19749648134742032,1,337735.535785,0.5
2025-06-17 14:14:07,0.23243663192604314,1,19960.895855,0.5
2025-06-17 14:19:07,0.2302837732493726,1,2023.312609,0.5
2025-06-17 14:25:07,0.4995619850763425,1,222431.817942,0.5
2025-06-17 14:35:07,0.026168102154212287,1,2664.005085,0.5
2025-06-17 14:39:07,0.34557089986205203,1,3692.880392,0.5
2025-06-17 14:50:06,0.3986518851254966,1,132764.598829,0.5
2025-06-17 14:56:06,0.26549372650235775,1,219830.023417,0.5
2025-06-17 14:58:07,0.058508963220579684,1,54095.615851,0.5
2025-06-17 15:06:08,0.11825269209464383,2,769448.5182230001,0.5
2025-06-17 15:09:07,0.08571494758924102,1,14444.596081,0.5
2025-06-17 15:14:07,0.3442655288010234,1,650272.193627,0.5
2025-06-17 15:21:07,0.1323268525884631,1,8342.65591,0.5
2025-06-17 15:22:08,0.28560419421966904,1,29831.50098,0.5
2025-06-17 15:24:06,0.0035240764282850664,1,21661.280147,0.5
2025-06-17 15:33:06,0.450167501577147,2,529293.542379,0.5
2025-06-17 15:39:07,0.4095455262144286,1,16638.42423,0.5
2025-06-17 15:53:07,0.4702563981521698,1,1881801.864257,0.5
2025-06-17 15:58:06,0.0253756474942181,1,3075.531719,0.5
2025-06-17 16:08:06,0.08120892099268114,1,25253.565858,0.5
2025-06-17 16:12:07,0.46784830780440934,1,728659.317134,0.5
2025-06-17 16:15:07,0.08126751989017886,1,90452.256928,0.5
2025-06-17 16:25:07,0.46735972959498046,1,878219.49557,0.5
2025-06-17 16:35:06,0.3138872638316718,1,18165.056016,0.5
2025-06-17 16:42:07,0.3096195255826251,1,166442.398798,0.5
2025-06-17 16:44:07,0.027907166451180576,1,1992.653012,0.5
2025-06-17 16:45:07,0.3060589615453655,1,115052.457499,0.5
2025-06-17 16:52:07,0.21040095057014388,1,960.970934,0.5
2025-06-17 16:58:07,0.26216035627526285,1,1175302.487915,0.5
2025-06-17 17:02:06,0.09127483810984809,1,27346.55871,0.5
2025-06-17 17:04:07,0.07291655473400827,1,28071372.791282,0.5
2025-06-17 17:12:07,0.05583333770129397,1,23829.008473,0.5
2025-06-17 17:13:07,0.5024310688860638,1,583013.882877,0.5
2025-06-17 17:20:08,0.2051268261341265,1,41123.186293,0.5
2025-06-17 17:23:07,0.2762003800536416,1,528271.256553,0.5
2025-06-17 17:24:07,0.10174841514350033,2,14863.629811,0.5
2025-06-17 17:26:07,0.45893088007410154,2,348622.751191,0.5
2025-06-17 17:38:06,0.5121838789384733,1,2070842.55479,0.5
2025-06-17 17:43:07,0.29027820708338814,1,547576.556052,0.5
2025-06-17 17:50:07,0.21254950035345416,1,126901.317118,0.5
2025-06-17 18:05:07,0.5097264582759995,1,180823.859284,0.5
2025-06-17 18:16:06,0.15442487088106013,1,8447.100046,0.5
2025-06-17 18:18:07,0.13768479161073263,1,56422.943786,0.5
2025-06-17 18:29:07,0.296945010565428,1,6237.072145,0.5
2025-06-17 18:40:07,0.14551355542176325,1,149072.204955,0.5
2025-06-17 18:48:07,0.02120600876309372,1,1196753.846874,0.5
2025-06-17 18:59:07,0.12503904078827216,1,2861.96462,0.5
2025-06-17 19:01:07,0.06178513665280433,1,21131.471631,0.5
2025-06-17 19:04:07,0.5314242132003708,1,6659.666263,0.5
2025-06-17 19:07:08,0.44384466970045855,1,270567.075052,0.5
2025-06-17 19:09:07,0.24286404506572268,1,2028.90623,0.5
2025-06-17 19:22:07,0.18521667405582717,2,73518.50421,0.5
2025-06-17 19:23:08,0.48272208089894963,1,369824.729115,0.5
2025-06-17 19:35:07,0.06103698027645366,1,7185.28125,0.5
2025-06-17 19:37:08,0.11840497163733021,1,38301.484624,0.5
2025-06-17 19:40:06,0.16882491876510639,1,899.328009,0.5
2025-06-17 19:48:07,0.4530371584484486,2,76514.850581,0.5
2025-06-17 20:22:06,0.49637900273993324,1,709651.250965,0.5
2025-06-17 20:25:07,0.037451304767783834,1,98046.179953,0.5
2025-06-17 20:29:07,0.5065828136726519,1,25445.304675,0.5
2025-06-17 20:35:07,0.2902019396656815,1,10985.380854,0.5
2025-06-17 20:38:07,0.19164293696784032,1,7208.636822,0.5
2025-06-17 20:54:07,0.3782823569134906,1,139080.715244,0.5
2025-06-17 21:01:07,0.1542319889133328,1,83141.11398,0.5
2025-06-17 21:16:08,0.0060339762174038344,1,2224.3985,0.5
2025-06-17 21:23:07,0.39234698169759874,1,8356.945208,0.5
2025-06-17 21:26:07,0.5117490001477121,1,5773.405393,0.5
2025-06-17 21:41:07,0.06618906536309253,1,106981.820559,0.5
2025-06-17 21:42:07,0.016099647856599307,1,3877.365323,0.5
2025-06-17 21:46:07,0.037348376689716065,1,103195.069261,0.5
2025-06-17 21:51:07,0.19643061131724918,1,41331.417382,0.5
2025-06-17 21:55:07,0.5225530079343256,1,1737591.18779,0.5
2025-06-17 22:05:07,0.018156184029440987,1,58912.461751,0.5
2025-06-17 22:06:06,0.44214714851363096,1,15055.5213,0.5
2025-06-17 22:10:07,0.4785087130896131,1,13264.115594,0.5
2025-06-17 22:11:07,0.021773959726437468,1,5811.715917,0.5
2025-06-17 22:12:08,0.4511678075379328,1,20235.372913,0.5
2025-06-17 22:13:08,0.20906619006649324,1,29676.469378,0.5
2025-06-17 22:15:07,0.0031559989252677566,1,1217012.168363,0.5
2025-06-17 22:17:07,0.23750385326808515,1,17098.210191,0.5
2025-06-17 22:23:07,0.0673828397355361,1,21741.423428,0.5
2025-06-17 22:24:08,0.03073681869614994,1,47691.116671,0.5
2025-06-17 22:28:07,0.0516073798824329,1,887999.406983,0.5
2025-06-17 22:29:07,0.005901617332475835,1,2463.898,0.5
2025-06-17 22:40:07,0.056903512827898926,1,15428.939148,0.5
2025-06-17 22:41:08,0.4508666371396909,1,279266.556979,0.5
2025-06-17 22:49:08,0.2929026007758528,1,243832.366895,0.5
2025-06-17 22:52:07,0.05634888216250844,1,205049.273544,0.5
2025-06-17 22:58:07,0.12842260492969798,1,3942.730505,0.5
2025-06-17 23:09:07,0.08102473846806273,1,758915.577019,0.5
2025-06-17 23:10:07,0.29045845955847027,2,228473.641803,0.5
2025-06-17 23:12:07,0.18425234764584192,1,28767.649152,0.5
2025-06-17 23:14:07,0.21650809243029256,1,13719.961863,0.5
2025-06-17 23:15:07,0.01440448925659931,1,2667.11,0.5
2025-06-17 23:20:07,0.12995553960796005,1,67208.682668,0.5
2025-06-17 23:29:07,0.47340844139962474,1,317417.930998,0.5
2025-06-17 23:42:07,0.030702944595067533,1,331268.120615,0.5
2025-06-17 23:49:06,0.46300298238986376,1,144.769853,0.5
2025-06-17 23:51:07,0.5100777428858033,1,249.894938,0.5
2025-06-18 00:10:07,0.2894655882282884,1,232044.093035,0.5
2025-06-18 00:15:07,0.14805016931858123,1,213388.548437,0.5
2025-06-18 00:17:07,0.004193275647915835,1,17322.702,0.5
2025-06-18 00:29:07,0.2024580002145903,1,212637.254104,0.5
2025-06-18 00:31:07,0.33609355900315663,1,106204.183739,0.5
2025-06-18 00:37:07,0.2886033916165982,1,8296.537079,0.5
2025-06-18 00:38:08,0.18237173833285025,1,12866.947149,0.5
2025-06-18 00:48:07,0.13409743736669452,1,109553.01261,0.5
2025-06-18 00:59:07,0.1703615135624967,1,152131.228192,0.5
2025-06-18 01:04:07,0.1603063019596852,1,904.348348,0.5
2025-06-18 01:05:07,0.11774372574833514,1,499639.665918,0.5
2025-06-18 01:06:07,0.10241154654070707,1,12378.070994,0.5
2025-06-18 01:09:06,0.2223505264544044,1,344847.064006,0.5
2025-06-18 01:12:07,0.023071541503085442,1,183950.959328,0.5
2025-06-18 01:13:08,0.02739711551181175,1,5618.111657,0.5
2025-06-18 01:20:07,0.3327009441613751,1,80727.211907,0.5
2025-06-18 01:22:08,0.03984400614295641,1,255665.69941,0.5
2025-06-18 01:24:07,0.5288043346703292,1,52022.854871,0.5
2025-06-18 01:45:08,0.19730281190360285,1,743008.305676,0.5
2025-06-18 01:48:08,0.012783361076149706,1,587524.270501,0.5
2025-06-18 02:03:07,0.0031567379069416582,1,1044331.110983,0.5
2025-06-18 02:05:08,0.3475452122123158,1,5187.999497,0.5
2025-06-18 02:07:07,0.07857371646793554,1,2263.489723,0.5
2025-06-18 02:08:07,0.45402627218704583,1,326975.000134,0.5
2025-06-18 02:10:07,0.21020978956178776,1,169700.113178,0.5
2025-06-18 02:31:08,0.3207642417277154,2,383209.408576,0.5
2025-06-18 02:38:07,0.08593888295377644,1,344406.367861,0.5
2025-06-18 02:52:07,0.29527381345984655,1,8532.955226,0.5
2025-06-18 02:54:07,0.18435939237124793,1,15021.458608,0.5
2025-06-18 02:56:07,0.08358115039551554,1,17139.703232,0.5
2025-06-18 03:00:08,0.03690412698129368,1,23604.172771,0.5
2025-06-18 03:06:08,0.3649716447741287,1,144579.583073,0.5
2025-06-18 03:09:07,0.5191598413276536,1,166663.999836,0.5
2025-06-18 03:10:08,0.003249485493738639,1,887120.752822,0.5
2025-06-18 03:16:06,0.12563707441114652,1,209493.194502,0.5
2025-06-18 03:18:08,0.21158908136464435,1,15631.084558,0.5
2025-06-18 03:30:07,0.3239015610440781,1,519227.018747,0.5
2025-06-18 03:34:07,0.16677752395754225,1,406065.686173,0.5
2025-06-18 03:46:08,0.4929428622637721,1,33891.368699,0.5
2025-06-18 04:00:08,0.3144584496221081,1,98509.144128,0.5
2025-06-18 04:01:07,0.3596763209577829,3,2173174.571056,0.5
2025-06-18 04:07:07,0.03244000007941716,1,199894.559127,0.5
2025-06-18 04:17:07,0.5090265084623803,1,21654.467988,0.5
2025-06-18 04:23:07,0.4198901213211271,1,855946.906841,0.5
2025-06-18 04:28:08,0.5184044034949242,1,594.181502,0.5
2025-06-18 04:29:07,0.11966716082228361,1,28720.457634,0.5
2025-06-18 04:38:08,0.0035055593441916206,1,46776.634481,0.5
2025-06-18 04:46:08,0.0898688103195785,1,87356.648025,0.5
2025-06-18 04:47:08,0.22073408138629128,1,19053.993992,0.5
2025-06-18 04:57:07,0.4865314672185986,1,361636.562169,0.5
2025-06-18 05:10:08,0.17052455675716247,1,12887.898163,0.5
2025-06-18 05:19:08,0.0423460617756844,1,75329.633026,0.5
2025-06-18 05:22:08,0.5142927942815945,1,303983.902468,0.5
2025-06-18 05:24:08,0.28036611256618826,1,6140.512054,0.5
2025-06-18 05:25:07,0.2296582516112963,1,33046.231159,0.5
2025-06-18 05:32:08,0.2834884249139945,1,6823.777121,0.5
2025-06-18 05:45:07,0.3491873577635868,1,16435.46007,0.5
2025-06-18 05:50:07,0.36245898937210974,1,167466.935761,0.5
2025-06-18 05:51:07,0.08765127556949062,1,17187.052595,0.5
2025-06-18 05:54:08,0.17369487875103692,1,2358.280297,0.5
2025-06-18 05:58:07,0.1447232882154836,1,511375.368424,0.5
2025-06-18 06:08:08,0.28100091881681755,1,4365.611974,0.5
2025-06-18 06:12:08,0.3633167614428885,1,42592.61343,0.5
2025-06-18 06:13:07,0.0834919029310474,1,132336.051555,0.5
2025-06-18 06:14:07,0.05617274127932427,2,22581294.296968002,0.5
2025-06-18 06:35:07,0.05434264848388583,1,23321.172741,0.5
2025-06-18 06:43:08,0.15594990938128794,1,425794.683157,0.5
2025-06-18 06:44:08,0.0949781890187304,1,511090.832959,0.5
2025-06-18 06:45:08,0.06564277832454475,1,2760.357412,0.5
2025-06-18 06:50:08,0.32777844036192827,1,7497.999177,0.5
2025-06-18 07:01:07,0.08709920401037924,1,10922.154305,0.5
2025-06-18 07:10:08,0.35362452160956803,1,19123.427541,0.5
2025-06-18 07:23:08,0.32127101598304075,1,114405.539213,0.5
2025-06-18 07:25:07,0.45444500376047303,1,120210.877521,0.5
2025-06-18 07:32:07,0.173732637006419,1,61138.012938,0.5
2025-06-18 07:44:08,0.13266994172497817,1,2291.632717,0.5
2025-06-18 07:54:07,0.3200459454871156,1,219872.274493,0.5
2025-06-18 07:56:07,0.09809691687003166,1,15431.818215,0.5
2025-06-18 07:58:09,0.5208691545161581,1,89915.083486,0.5
2025-06-18 08:00:08,0.133279552333284,235,123788850.631926,0.5
2025-06-18 08:04:08,0.5214933875949549,1,125419.469483,0.5
2025-06-18 08:07:08,0.2019959966227487,1,37334.855612,0.5
2025-06-18 08:08:08,0.2104664371934064,1,31055.697725,0.5
2025-06-18 08:13:07,0.2324233666816476,1,105213.961862,0.5
2025-06-18 08:22:07,0.5113547329593054,1,33267.591826,0.5
2025-06-18 08:38:07,0.2526254743258723,1,9000.787807,0.5
2025-06-18 08:44:08,0.1431046977067608,2,318053.867308,0.5
2025-06-18 08:53:07,0.17135939211023235,1,7266.870979,0.5
2025-06-18 08:55:08,0.23702304774622737,1,95328.278618,0.5
2025-06-18 09:06:07,0.24630915421465313,1,402719.728834,0.5
2025-06-18 09:09:07,0.227493169578713,1,104379.813732,0.5
2025-06-18 09:16:07,0.22001459083871708,1,145364.003698,0.5
2025-06-18 09:20:07,0.2984924175260284,1,164057.843627,0.5
2025-06-18 09:23:07,0.19715342773586475,1,24842.160464,0.5
2025-06-18 09:27:07,0.2866935141506671,1,152246.514468,0.5
2025-06-18 09:37:07,0.08601708266170772,1,25679.361265,0.5
2025-06-18 09:42:07,0.03667454858410425,2,144511.045507,0.5
2025-06-18 09:43:07,0.35772367016573375,1,77167.498273,0.5
2025-06-18 09:48:07,0.005342862522315835,1,3008.932,0.5
2025-06-18 09:58:08,0.0037623439279158358,1,5960.21011,0.5
2025-06-18 10:08:07,0.2308301046683654,1,39266.107075,0.5
2025-06-18 10:13:07,0.17483576954641206,1,37222.139683,0.5
2025-06-18 10:20:07,0.052509209856274205,1,152978.285138,0.5
2025-06-18 10:27:06,0.05578121024124237,1,381624.540868,0.5
2025-06-18 10:34:07,0.0033141558680177636,1,19635.916589,0.5
2025-06-18 10:56:07,0.4780102483815156,1,3779.352595,0.5
2025-06-18 11:05:07,0.1855429287633638,2,92420.392714,0.5
2025-06-18 11:08:08,0.4186277689039175,1,297145.826069,0.5
2025-06-18 11:30:07,0.19446204832176828,1,30516.975441,0.5
2025-06-18 11:34:07,0.10619547944477224,1,106519.39081,0.5
2025-06-18 11:36:07,0.013098061236476896,1,29564378.908894,0.5
2025-06-18 11:38:08,0.06536271106146113,1,381224.708058,0.5
2025-06-18 11:50:08,0.15414198987319494,1,5877.223243,0.5
2025-06-18 11:51:09,0.4660602809925106,2,21271.818141,0.5
2025-06-18 12:06:07,0.2919691929599396,1,1638.536266,0.5
2025-06-18 12:07:08,0.015028574249933329,1,2699.896944,0.5
2025-06-18 12:14:08,0.01721248575253492,1,5072.024781,0.5
2025-06-18 12:25:08,0.2733767568018787,1,212519.837959,0.5
2025-06-18 12:36:07,0.4102041158522836,1,6414.256856,0.5
2025-06-18 12:42:08,0.18368996127372508,1,31666.010925,0.5
2025-06-18 12:44:07,0.05732723842129921,2,74588.347223,0.5
2025-06-18 12:50:08,0.375361662932939,1,9175.545518,0.5
2025-06-18 12:54:08,0.378947951298357,1,381128.034828,0.5
2025-06-18 12:57:08,0.17289406803562915,1,189223.166687,0.5
2025-06-18 13:06:07,0.48758187063644975,1,546324.749976,0.5
2025-06-18 13:15:07,0.09048432645453851,1,144789.026947,0.5
2025-06-18 13:27:08,0.32651406224352175,1,993926.263788,0.5
2025-06-18 13:41:07,0.2687957345255835,1,185750.20972,0.5
2025-06-18 13:58:08,0.07060767507717583,1,1002212.944271,0.5
2025-06-18 14:01:10,0.017184165233730647,1,1012593.284354,0.5
2025-06-18 14:02:08,0.06176844728797035,1,106577.454283,0.5
2025-06-18 14:08:07,0.3653147857021679,2,1892217.137267,0.5
2025-06-18 14:18:08,0.2820734704083246,1,498670.334214,0.5
2025-06-18 14:22:08,0.08936627443251777,1,128271.165283,0.5
2025-06-18 14:24:06,0.2115919341761416,1,671793.280386,0.5
2025-06-18 14:28:07,0.11722454786065631,1,24954.136251,0.5
2025-06-18 14:29:07,0.1720983054292074,1,9959.271331,0.5
2025-06-18 14:36:07,0.03864704809083328,1,268021.863675,0.5
2025-06-18 14:44:07,0.0031516057608780117,1,3228532.194523,0.5
2025-06-18 14:47:07,0.24854626928155585,1,121067.581243,0.5
2025-06-18 14:51:07,0.14156939246692213,1,28879.577986,0.5
2025-06-18 14:56:07,0.5544309605404465,1,6.450074,0.5
2025-06-18 15:01:07,0.14458718405410026,1,1309.937428,0.5
2025-06-18 15:04:08,0.08121581949275752,1,27603.782623,0.5
2025-06-18 15:12:07,0.4640421313919252,1,55078.643291,0.5
2025-06-18 15:17:07,0.11766588211974331,2,685465.130445,0.5
2025-06-18 15:21:07,0.5099298254427769,1,38244.327869,0.5
2025-06-18 15:22:07,0.04609712401535654,1,173928.13714,0.5
2025-06-18 15:34:08,0.19893101172673508,1,13901.696207,0.5
2025-06-18 15:36:08,0.04240915412456456,1,317817.728121,0.5
2025-06-18 15:37:07,0.274766186065931,1,1196400.854591,0.5
2025-06-18 15:59:07,0.13174911410989376,1,10225.163754,0.5
2025-06-18 16:00:08,0.05305582171203288,1,23712.063856,0.5
2025-06-18 16:08:07,0.5057064591724164,2,1300684.371358,0.5
2025-06-18 16:32:07,0.17970188267081186,1,1735.377609,0.5
2025-06-18 16:33:08,0.41621836869085027,1,23577.039746,0.5
2025-06-18 16:38:07,0.27459530714805536,1,1258.580783,0.5
2025-06-18 16:39:07,0.4636990040129431,1,3309.997213,0.5
2025-06-18 16:47:07,0.1641860479042034,1,4693.534972,0.5
2025-06-18 16:49:07,0.16257414424901206,1,1059.407132,0.5
2025-06-18 16:52:07,0.13141130549833674,1,117845.626148,0.5
2025-06-18 16:53:07,0.14352973313866424,1,1810.22091,0.5
2025-06-18 17:00:08,0.4317502003641956,1,1315344.479895,0.5
2025-06-18 17:19:07,0.17360161170100333,1,57840.553778,0.5
2025-06-18 17:20:07,0.24360081451659044,1,9593.384167,0.5
2025-06-18 17:21:06,0.060633343632306255,1,18565.490185,0.5
2025-06-18 17:25:08,0.2303117438519563,1,3558302.528529,0.5
2025-06-18 17:27:06,0.0037623439279158358,1,10509.194868,0.5
2025-06-18 17:30:07,0.04517258763243056,1,19517.009953,0.5
2025-06-18 17:35:07,0.06355020474062888,1,190183.287148,0.5
2025-06-18 17:39:07,0.48948566142311856,1,375014.238842,0.5
2025-06-18 17:44:07,0.17481899591037983,1,2941.495955,0.5
2025-06-18 17:45:07,0.04662002056932534,1,557043.071622,0.5
2025-06-18 17:56:07,0.3002184818404822,1,853113.998773,0.5
2025-06-18 18:06:06,0.24326649465036337,1,108627.93578,0.5
2025-06-18 18:08:07,0.499036746601999,1,304642.750238,0.5
2025-06-18 18:12:07,0.3403838127282788,1,33510.722189,0.5
2025-06-18 18:27:07,0.13979807272080327,2,476615.790253,0.5
2025-06-18 18:29:07,0.26641340487679877,1,94880.247422,0.5
2025-06-18 18:41:08,0.22717202806949885,1,17971.939867,0.5
2025-06-18 18:43:07,0.43377202198932197,1,1892.138837,0.5
2025-06-18 19:09:07,0.12160589408893435,1,231994.052501,0.5
2025-06-18 19:11:07,0.05636164004899545,2,11063.620901999999,0.5
2025-06-18 19:13:07,0.2920171516432444,2,731665.216452,0.5
2025-06-18 19:31:07,0.006020178821782714,1,1469.338221,0.5
2025-06-18 19:47:07,0.026925608495500148,1,38963.958722,0.5
2025-06-18 19:49:07,0.0596503054081545,1,41296.623423,0.5
2025-06-18 19:51:06,0.2372294058269932,1,748663.420675,0.5
2025-06-18 19:53:07,0.3354370847024449,1,10839.077406,0.5
2025-06-18 20:01:07,0.19750853651958558,1,770452.52411,0.5
2025-06-18 20:08:07,0.22818463643874023,1,133374.526225,0.5
2025-06-18 20:12:06,0.40099667428097513,1,742734.641698,0.5
2025-06-18 20:22:07,0.013454523551799307,1,4433.171043,0.5
2025-06-18 20:29:07,0.03234895008008263,1,677524.906509,0.5
2025-06-18 20:30:07,0.15657300593864096,1,1200055.87588,0.5
2025-06-18 20:52:08,0.03282364134572627,1,602360.588857,0.5
2025-06-18 21:06:07,0.03230748344432674,1,464861.271085,0.5
2025-06-18 21:29:07,0.15447198639556498,1,2966476.073443,0.5
2025-06-18 21:36:06,0.288328041794708,1,23789.456449,0.5
2025-06-18 21:39:07,0.49024784821275313,1,504681.576275,0.5
2025-06-18 21:40:08,0.054432781446879325,1,75259.757556,0.5
2025-06-18 21:56:07,0.2521498338267814,1,94502.626086,0.5
2025-06-18 21:58:07,0.4308796642633133,2,81141.304529,0.5
2025-06-18 22:00:08,0.10144421195117086,1,76223.803282,0.5
2025-06-18 22:08:06,0.12496138286851115,1,542920.42371,0.5
2025-06-18 22:14:07,0.3789575561019643,1,35546.959464,0.5
2025-06-18 22:15:07,0.174001840753546,1,102611.297906,0.5
2025-06-18 22:19:07,0.3203287148775186,1,83238.114004,0.5
2025-06-18 22:47:07,0.4049277514809828,1,258137.935717,0.5
2025-06-18 22:57:06,0.278584385936752,1,1305.845956,0.5
2025-06-18 22:58:06,0.27778047780309395,1,61034.783552,0.5
2025-06-18 23:04:06,0.5075207949611154,1,424433.072231,0.5
2025-06-18 23:05:08,0.30676405097720566,2,464231.802792,0.5
2025-06-18 23:09:06,0.08909825139864812,1,768687.448615,0.5
2025-06-18 23:19:07,0.18422074074047723,1,221379.329536,0.5
2025-06-18 23:27:07,0.31568682351044486,1,26193.645282,0.5
2025-06-18 23:28:07,0.290287695377727,1,6956.807478,0.5
2025-06-18 23:34:07,0.18107687597794897,1,9399.734567,0.5
2025-06-19 00:03:07,0.19346530098575768,1,304840.015955,0.5
2025-06-19 00:07:07,0.19351548348152095,2,150335.335202,0.5
2025-06-19 00:11:07,0.4915989671125262,1,116671.188148,0.5
2025-06-19 00:15:07,0.21640853184387346,1,143.326665,0.5
2025-06-19 00:16:07,0.08016059857861342,1,8666.468266,0.5
2025-06-19 00:18:08,0.08772729442998685,1,391307.602086,0.5
2025-06-19 00:23:07,0.21512621542582877,1,101457.438993,0.5
2025-06-19 00:36:07,0.07579687991695946,1,391310.381403,0.5
2025-06-19 00:38:08,0.3231682114358363,1,3417.027434,0.5
2025-06-19 00:41:07,0.026558549268324943,1,4902.970024,0.5
2025-06-19 00:46:08,0.05005952199887747,1,35294.868754,0.5
2025-06-19 00:49:08,0.43561336124391997,1,84382.259021,0.5
2025-06-19 00:50:07,0.05032203326772734,1,14273.046512,0.5
2025-06-19 00:55:07,0.37065729920994056,1,366660.169395,0.5
2025-06-19 00:59:07,0.18388179221337703,1,5191.812547,0.5
2025-06-19 01:04:08,0.003262011448332757,1,26912558.981079,0.5
2025-06-19 01:15:08,0.07447832076227477,1,2703.604993,0.5
2025-06-19 01:19:08,0.18073658606289325,1,50805.976574,0.5
2025-06-19 01:21:08,0.028224513893011668,1,519768.057795,0.5
2025-06-19 01:27:07,0.40999294224613886,1,108100.659164,0.5
2025-06-19 01:32:08,0.19608602880716525,1,52392.798476,0.5
2025-06-19 01:41:08,0.05480776300880027,1,78691.576328,0.5
2025-06-19 01:44:07,0.49531184570128184,1,259959.529761,0.5
2025-06-19 01:49:08,0.07924358648432483,1,17968.117807,0.5
2025-06-19 02:10:08,0.1272038579939699,1,113450.300418,0.5
2025-06-19 02:15:08,0.0041278008879158355,1,4205.09611,0.5
2025-06-19 02:24:07,0.4919199071178602,1,942822.614821,0.5
2025-06-19 02:25:07,0.025233526632874627,1,37695.367462,0.5
2025-06-19 02:27:07,0.2858261676633015,1,4291.823774,0.5
2025-06-19 02:36:07,0.3024181426619515,1,13135.248892,0.5
2025-06-19 02:41:08,0.12138792560094018,1,5047.595479,0.5
2025-06-19 02:55:08,0.4836341803845802,3,169446.652193,0.5
2025-06-19 03:03:07,0.09380516052240724,1,72346.541407,0.5
2025-06-19 03:04:07,0.3302690823510132,1,367664.676253,0.5
2025-06-19 03:17:08,0.003239084353003904,1,1293636.225535,0.5
2025-06-19 03:20:08,0.04071858062624773,1,15261.71003,0.5
2025-06-19 03:27:07,0.17627050797182525,1,1196.635041,0.5
2025-06-19 03:40:07,0.34766822319449986,1,351309.935389,0.5
2025-06-19 03:41:08,0.4616231804176819,1,232660.875923,0.5
2025-06-19 03:44:07,0.025015122979938253,1,135817.98525,0.5
2025-06-19 03:45:07,0.4820106494024541,1,12867.144799,0.5
2025-06-19 04:13:07,0.09938722078077708,1,32501.893507,0.5
2025-06-19 04:24:07,0.3046529565923235,1,500392.598798,0.5
2025-06-19 04:28:07,0.42995570447595965,2,260429.978634,0.5
2025-06-19 04:29:07,0.15194163912666517,1,53929.690818,0.5
2025-06-19 04:30:08,0.4571451796830846,1,109718.39513,0.5
2025-06-19 04:36:07,0.2673328214155952,2,1182273.377297,0.5
2025-06-19 04:51:08,0.077152948723076,1,21743.023047,0.5
2025-06-19 04:56:08,0.37963336419931815,1,6786224.411647,0.5
2025-06-19 04:57:07,0.04037796189562383,1,40.04,0.5
2025-06-19 05:02:07,0.3085216386268921,1,16143.790999,0.5
2025-06-19 05:19:07,0.21816019284945723,2,384609.077596,0.5
2025-06-19 05:34:07,0.30573562428831813,1,24257.937376,0.5
2025-06-19 05:38:08,0.4465193148800653,1,3142.10162,0.5
2025-06-19 05:40:08,0.03980995542310464,1,231059.466917,0.5
2025-06-19 05:49:08,0.17627749196051049,1,12738.626184,0.5
2025-06-19 05:53:07,0.03092430455791856,1,518933.934556,0.5
2025-06-19 05:55:07,0.47128557466517407,1,207906.922544,0.5
2025-06-19 06:02:08,0.07783049813370692,1,5778.914491,0.5
2025-06-19 06:20:07,0.13304510842354061,1,42592.485926,0.5
2025-06-19 06:21:07,0.12575124582620945,1,251687.52123,0.5
2025-06-19 06:22:07,0.04653114775557979,1,11969.657583,0.5
2025-06-19 06:36:07,0.00863711187419931,1,2102.6045,0.5
2025-06-19 06:40:08,0.003406594910660371,1,21441.4139,0.5
2025-06-19 06:42:07,0.1901850375276652,2,5276271.492572,0.5
2025-06-19 06:48:07,0.15352072571356004,1,5942.307694,0.5
2025-06-19 07:10:09,0.2335764296298302,1,14135.904401,0.5
2025-06-19 07:15:07,0.12643865323347764,1,147154.670319,0.5
2025-06-19 07:16:07,0.06024769468558447,2,3513818.94783,0.5
2025-06-19 07:19:07,0.08099859062152003,1,80596.900547,0.5
2025-06-19 07:38:08,0.2586240369192735,1,4419.204113,0.5
2025-06-19 07:39:08,0.14778068238474673,1,5365.645271,0.5
2025-06-19 07:49:08,0.05737673648628962,1,66680.207255,0.5
2025-06-19 07:57:07,0.15062084407168427,1,36894.973572,0.5
2025-06-19 08:00:07,0.11491099241462792,2,31203.719183,0.5
2025-06-19 08:11:08,0.09495743146174669,1,11707.776349,0.5
2025-06-19 08:13:07,0.1267436573233185,1,19495.942834,0.5
